l_id;wkt_srid_4326;;;;;;;;;;;
l1386;"SRID=4326;LINESTRING(8.44554253599103 48.9860882032815,8.45163254550249 49.0073972031011)";;;;;;;;;;l837;"SRID=4326;LINESTRING(9.52257601112577 52.3604090734199,9.11321011483187 52.5438533448625)"
l1528;"SRID=4326;LINESTRING(9.04741271801621 51.1677872449186,9.05036513764223 51.1673238667951)";;;;;;;;;;l838;"SRID=4326;LINESTRING(9.38974515063535 52.0263130791669,9.12526574244048 52.5382641233458)"
l1563;"SRID=4326;LINESTRING(7.41670797342798 51.4570521949625,7.41658270368128 51.4607824146291)";;;;;;;;;;l839;"SRID=4326;LINESTRING(10.366274939217 52.2846467643429,9.91814868737007 52.3799963378317)"
l1621;"SRID=4326;LINESTRING(7.98122158717143 51.6735262789774,7.98187840842773 51.6766515664854)";;;;;;;;;;l840;"SRID=4326;LINESTRING(9.9171797569037 52.2781686248742,10.366274939217 52.2846467643429)"
l1636;"SRID=4326;LINESTRING(8.65595014422814 50.6036046473842,9.25664124635274 51.0591793040546)";;;;;;;;;;l841;"SRID=4326;LINESTRING(10.4149924241538 53.4126068813272,10.3787706356666 53.2197927695925)"
;;;;;;;;;;;l842;"SRID=4326;LINESTRING(12.9416466491702 52.5621144028949,13.2061030014846 52.6571363047161)"
;;;;;;;;;;;l843;"SRID=4326;LINESTRING(13.2061030014846 52.6571363047161,13.709669749528 52.5397952998981)"
;;;;;;;;;;;l844;"SRID=4326;LINESTRING(12.9416466491702 52.5621144028949,13.709669749528 52.5397952998981)"
;;;;;;;;;;;l845;"SRID=4326;LINESTRING(11.3704263094168 48.2914922548393,11.8132329291411 48.2212664672329)"
;;;;;;;;;;;l846;"SRID=4326;LINESTRING(11.3704263094168 48.2914922548393,11.868156362746 48.206802931481)"
;;;;;;;;;;;l847;"SRID=4326;LINESTRING(10.7610404155909 52.3677293936344,10.366274939217 52.2846467643429)"
;;;;;;;;;;;l848;"SRID=4326;LINESTRING(13.4947634286677 52.5897644694349,13.6834769799404 54.1390906728297)"
;;;;;;;;;;;l849;"SRID=4326;LINESTRING(13.4947634286677 52.5897644694349,13.709669749528 52.5397952998981)"
;;;;;;;;;;;l850;"SRID=4326;LINESTRING(11.3704263094168 48.2914922548393,11.868156362746 48.206802931481)"
;;;;;;;;;;;l851;"SRID=4326;LINESTRING(11.8132329291411 48.2212664672329,11.868156362746 48.206802931481)"
;;;;;;;;;;;l852;"SRID=4326;LINESTRING(11.3704263094168 48.2914922548393,11.2939727766244 48.0520427780619)"
;;;;;;;;;;;l853;"SRID=4326;LINESTRING(9.98460987842098 53.7411288196703,10.1575057595216 53.5551266364644)"
;;;;;;;;;;;l854;"SRID=4326;LINESTRING(9.98460987842098 53.7411288196703,9.20210266340539 53.8951623622383)"
;;;;;;;;;;;l855;"SRID=4326;LINESTRING(9.98460987842098 53.7411288196703,9.98853665499904 53.7662776782512)"
;;;;;;;;;;;l856;"SRID=4326;LINESTRING(9.98853665499904 53.7662776782512,9.72699275106814 54.2914209859116)"
;;;;;;;;;;;l857;"SRID=4326;LINESTRING(9.34476101692227 53.9218370813918,9.34400181356048 53.8517774981988)"
;;;;;;;;;;;l858;"SRID=4326;LINESTRING(9.34476101692227 53.9218370813918,9.20210266340539 53.8951623622383)"
;;;;;;;;;;;l859;"SRID=4326;LINESTRING(9.98853665499904 53.7662776782512,9.52960514781347 53.618990731832)"
;;;;;;;;;;;l860;"SRID=4326;LINESTRING(9.77654483603303 53.6906352940911,9.98853665499904 53.7662776782512)"
;;;;;;;;;;;l861;"SRID=4326;LINESTRING(10.4149924241538 53.4126068813272,10.1575057595216 53.5551266364644)"
;;;;;;;;;;;l862;"SRID=4326;LINESTRING(10.3787706356666 53.2197927695925,10.3822011082464 52.9932426669735)"
;;;;;;;;;;;l863;"SRID=4326;LINESTRING(9.74615085631454 50.9168400022101,11.1228546271538 50.9989090757631)"
;;;;;;;;;;;l864;"SRID=4326;LINESTRING(11.1228546271538 50.9989090757631,10.3859411718194 51.0018133141165)"
;;;;;;;;;;;l865;"SRID=4326;LINESTRING(8.122642304058 53.5605160665145,8.08565060815886 53.6058342194744)"
;;;;;;;;;;;l866;"SRID=4326;LINESTRING(8.08565060815886 53.6058342194744,8.06005701182283 53.6202026205826)"
;;;;;;;;;;;l867;"SRID=4326;LINESTRING(9.11321011483187 52.5438533448625,9.91814868737007 52.3799963378317)"
;;;;;;;;;;;l868;"SRID=4326;LINESTRING(11.6389126099956 52.2687358982154,12.9416466491702 52.5621144028949)"
;;;;;;;;;;;l869;"SRID=4326;LINESTRING(12.9416466491702 52.5621144028949,13.2115276810432 52.5806278358522)"
;;;;;;;;;;;l870;"SRID=4326;LINESTRING(11.6389126099956 52.2687358982154,13.2115276810432 52.5806278358522)"
;;;;;;;;;;;l871;"SRID=4326;LINESTRING(11.727353429381 52.5689470103264,13.1433929675199 53.9081470154338)"
;;;;;;;;;;;l872;"SRID=4326;LINESTRING(11.727353429381 52.5689470103264,11.8531051573669 53.0865440610132)"
;;;;;;;;;;;l873;"SRID=4326;LINESTRING(13.6834769799404 54.1390906728297,12.1869848529515 53.8157751978716)"
;;;;;;;;;;;l874;"SRID=4326;LINESTRING(12.9416466491702 52.5621144028949,12.4993660253653 52.4052284426773)"
;;;;;;;;;;;l875;"SRID=4326;LINESTRING(12.9416466491702 52.5621144028949,12.4993660253653 52.4052284426773)"
;;;;;;;;;;;l876;"SRID=4326;LINESTRING(13.5061280249068 52.4738227039188,13.3057533352426 52.2307818607751)"
;;;;;;;;;;;l877;"SRID=4326;LINESTRING(13.5061280249068 52.4738227039188,13.5241987812625 52.5356343208068)"
;;;;;;;;;;;l878;"SRID=4326;LINESTRING(13.5241987812625 52.5356343208068,13.709669749528 52.5397952998981)"
;;;;;;;;;;;l879;"SRID=4326;LINESTRING(13.5241987812625 52.5356343208068,13.709669749528 52.5397952998981)"
;;;;;;;;;;;l880;"SRID=4326;LINESTRING(13.4564307414427 52.521451771614,13.5370284535837 52.5374809881862)"
;;;;;;;;;;;l881;"SRID=4326;LINESTRING(9.74615085631454 50.9168400022101,10.3859411718194 51.0018133141165)"
;;;;;;;;;;;l882;"SRID=4326;LINESTRING(9.74615085631454 50.9168400022101,9.25938384941478 51.0603668957955)"
;;;;;;;;;;;l883;"SRID=4326;LINESTRING(8.31334018942867 49.0090434774209,7.75349549403634 48.0993557332288)"
;;;;;;;;;;;l884;"SRID=4326;LINESTRING(8.31334018942867 49.0090434774209,8.4384675602346 49.2524597535318)"
;;;;;;;;;;;l885;"SRID=4326;LINESTRING(8.31334018942867 49.0090434774209,8.51211173756804 49.2939665911691)"
;;;;;;;;;;;l886;"SRID=4326;LINESTRING(8.31334018942867 49.0090434774209,8.62320969485988 49.356582256425)"
;;;;;;;;;;;l887;"SRID=4326;LINESTRING(8.44554253599103 48.9860882032815,8.31334018942867 49.0090434774209)"
;;;;;;;;;;;l888;"SRID=4326;LINESTRING(8.44554253599103 48.9860882032815,8.64158407529801 48.8900525292561)"
;;;;;;;;;;;l889;"SRID=4326;LINESTRING(8.64158407529801 48.8900525292561,8.31334018942867 49.0090434774209)"
;;;;;;;;;;;l890;"SRID=4326;LINESTRING(8.56374402466983 53.0317216060084,8.47470705828713 53.4286512121137)"
;;;;;;;;;;;l891;"SRID=4326;LINESTRING(8.51888183670623 53.2026352879915,8.82002488536158 53.1073883123751)"
;;;;;;;;;;;l892;"SRID=4326;LINESTRING(9.50178971212981 53.5428143880013,8.51888183670623 53.2026352879915)"
;;;;;;;;;;;l893;"SRID=4326;LINESTRING(8.12061826655718 48.7053527235337,8.31334018942867 49.0090434774209)"
;;;;;;;;;;;l894;"SRID=4326;LINESTRING(11.3704263094168 48.2914922548393,11.4407746571386 48.1718035686213)"
;;;;;;;;;;;l895;"SRID=4326;LINESTRING(13.3264050703954 50.3463722141376,12.1147699347953 49.6311522364994)"
;;;;;;;;;;;l896;"SRID=4326;LINESTRING(8.56374402466983 53.0317216060084,8.69516076534637 53.0925361336519)"
;;;;;;;;;;;l897;"SRID=4326;LINESTRING(8.51888183670623 53.2026352879915,8.69516076534637 53.0925361336519)"
;;;;;;;;;;;l898;"SRID=4326;LINESTRING(8.77244299222179 49.9746686767501,8.41937108566179 49.6337357665925)"
;;;;;;;;;;;l899;"SRID=4326;LINESTRING(8.38855643052221 49.9823050863709,8.41937108566179 49.6337357665925)"
;;;;;;;;;;;l900;"SRID=4326;LINESTRING(12.262173544509 51.7410202813412,11.8942662085419 51.4057031779769)"
;;;;;;;;;;;l901;"SRID=4326;LINESTRING(13.1570905224719 51.8284516784236,13.9024347133056 51.874723530085)"
;;;;;;;;;;;l902;"SRID=4326;LINESTRING(11.6389126099956 52.2687358982154,11.5165549994374 51.5843592162484)"
;;;;;;;;;;;l903;"SRID=4326;LINESTRING(11.8942662085419 51.4057031779769,11.5165549994374 51.5843592162484)"
;;;;;;;;;;;l904;"SRID=4326;LINESTRING(11.6389126099956 52.2687358982154,11.8942662085419 51.4057031779769)"
;;;;;;;;;;;l905;"SRID=4326;LINESTRING(8.70221847039735 51.7363525890089,8.99279243937742 51.3430094105575)"
;;;;;;;;;;;l906;"SRID=4326;LINESTRING(8.70221847039735 51.7363525890089,8.99279243937742 51.3430094105575)"
;;;;;;;;;;;l907;"SRID=4326;LINESTRING(13.1570905224719 51.8284516784236,11.8942662085419 51.4057031779769)"
;;;;;;;;;;;l908;"SRID=4326;LINESTRING(13.6834769799404 54.1390906728297,13.1433929675199 53.9081470154338)"
;;;;;;;;;;;l909;"SRID=4326;LINESTRING(12.9416466491702 52.5621144028949,13.3057533352426 52.2307818607751)"
;;;;;;;;;;;l910;"SRID=4326;LINESTRING(12.9416466491702 52.5621144028949,13.9024347133056 51.874723530085)"
;;;;;;;;;;;l911;"SRID=4326;LINESTRING(13.3057533352426 52.2307818607751,13.9024347133056 51.874723530085)"
;;;;;;;;;;;l912;"SRID=4326;LINESTRING(11.6463786860412 50.5348769896165,11.1228546271538 50.9989090757631)"
;;;;;;;;;;;l913;"SRID=4326;LINESTRING(14.4719654746961 51.5538127702297,14.5081092115389 51.4137104048148)"
;;;;;;;;;;;l914;"SRID=4326;LINESTRING(14.4719654746961 51.5538127702297,14.5081092115389 51.4137104048148)"
;;;;;;;;;;;l915;"SRID=4326;LINESTRING(14.4281805295455 51.888864175856,14.4719654746961 51.5538127702297)"
;;;;;;;;;;;l916;"SRID=4326;LINESTRING(14.4281805295455 51.888864175856,14.4719654746961 51.5538127702297)"
;;;;;;;;;;;l917;"SRID=4326;LINESTRING(8.122642304058 53.5605160665145,8.14191383627294 53.5640011817982)"
;;;;;;;;;;;l918;"SRID=4326;LINESTRING(10.1562825155965 54.2755482828972,10.1773541417844 54.3395212774033)"
;;;;;;;;;;;l919;"SRID=4326;LINESTRING(10.1562825155965 54.2755482828972,9.72699275106814 54.2914209859116)"
;;;;;;;;;;;l920;"SRID=4326;LINESTRING(7.03496796550368 52.2028607768236,7.30824781629083 52.4767901583642)"
;;;;;;;;;;;l921;"SRID=4326;LINESTRING(7.06034476225792 51.6964980793073,7.30824781629083 52.4767901583642)"
;;;;;;;;;;;l922;"SRID=4326;LINESTRING(7.54571775348996 51.9703244532995,7.30824781629083 52.4767901583642)"
;;;;;;;;;;;l923;"SRID=4326;LINESTRING(7.30460120682915 52.4817909166958,7.30824781629083 52.4767901583642)"
;;;;;;;;;;;l924;"SRID=4326;LINESTRING(7.30824781629083 52.4767901583642,7.30433880131157 52.4824259961208)"
;;;;;;;;;;;l925;"SRID=4326;LINESTRING(7.30460120682915 52.4817909166958,7.30824781629083 52.4767901583642)"
;;;;;;;;;;;l926;"SRID=4326;LINESTRING(7.30824781629083 52.4767901583642,7.27715397426964 52.7532426203196)"
;;;;;;;;;;;l927;"SRID=4326;LINESTRING(8.30775696202904 52.3456357754793,7.30824781629083 52.4767901583642)"
;;;;;;;;;;;l928;"SRID=4326;LINESTRING(7.30824781629083 52.4767901583642,7.88957673752775 52.2773967844269)"
;;;;;;;;;;;l929;"SRID=4326;LINESTRING(7.30824781629083 52.4767901583642,7.31784997667688 52.4691115144199)"
;;;;;;;;;;;l930;"SRID=4326;LINESTRING(13.3352804208787 49.5896898733245,12.1147699347953 49.6311522364994)"
;;;;;;;;;;;l931;"SRID=4326;LINESTRING(12.1869848529515 53.8157751978716,12.2147735094259 54.1003234808405)"
;;;;;;;;;;;l932;"SRID=4326;LINESTRING(6.99647662277982 49.3754093214106,6.4747398132316 49.9224693104147)"
;;;;;;;;;;;l933;"SRID=4326;LINESTRING(12.1869848529515 53.8157751978716,12.2147735094259 54.1003234808405)"
;;;;;;;;;;;l934;"SRID=4326;LINESTRING(12.1869848529515 53.8157751978716,14.0336963902155 53.507868594058)"
;;;;;;;;;;;l935;"SRID=4326;LINESTRING(12.1869848529515 53.8157751978716,11.6993927384808 53.5722744896829)"
;;;;;;;;;;;l936;"SRID=4326;LINESTRING(11.3706374165175 53.6009910913085,12.1869848529515 53.8157751978716)"
;;;;;;;;;;;l937;"SRID=4326;LINESTRING(6.94821096676896 51.4445758936096,7.06034476225792 51.6964980793073)"
;;;;;;;;;;;l938;"SRID=4326;LINESTRING(6.92675898550662 51.4992056970517,6.94821096676896 51.4445758936096)"
;;;;;;;;;;;l939;"SRID=4326;LINESTRING(6.68079563463015 51.6462972769253,7.06034476225792 51.6964980793073)"
;;;;;;;;;;;l940;"SRID=4326;LINESTRING(7.16721463545721 51.3899067765993,7.12557294579876 51.4489772806916)"
;;;;;;;;;;;l941;"SRID=4326;LINESTRING(6.99606886995841 51.5141696109019,7.12557294579876 51.4489772806916)"
;;;;;;;;;;;l942;"SRID=4326;LINESTRING(7.31318287435069 51.4466114132712,7.16721463545721 51.3899067765993)"
;;;;;;;;;;;l943;"SRID=4326;LINESTRING(7.99288732000281 51.6837077158762,8.62480055555283 51.4278884079658)"
;;;;;;;;;;;l944;"SRID=4326;LINESTRING(7.06034476225792 51.6964980793073,7.35311188155085 51.5758105365035)"
;;;;;;;;;;;l945;"SRID=4326;LINESTRING(7.12323886855291 51.5256121997715,7.06034476225792 51.6964980793073)"
;;;;;;;;;;;l946;"SRID=4326;LINESTRING(7.06034476225792 51.6964980793073,7.03496796550368 52.2028607768236)"
;;;;;;;;;;;l947;"SRID=4326;LINESTRING(7.99288732000281 51.6837077158762,8.2117054289867 51.1779850077285)"
;;;;;;;;;;;l948;"SRID=4326;LINESTRING(6.57648211320418 51.0555954842661,6.77252314401924 51.1471055233119)"
;;;;;;;;;;;l949;"SRID=4326;LINESTRING(6.97257748891579 50.795693016675,7.13689471769255 50.6428608849405)"
;;;;;;;;;;;l950;"SRID=4326;LINESTRING(6.97257748891579 50.795693016675,6.45655251893853 50.8713380734833)"
;;;;;;;;;;;l951;"SRID=4326;LINESTRING(6.97257748891579 50.795693016675,7.86394571439194 50.7682419302039)"
;;;;;;;;;;;l952;"SRID=4326;LINESTRING(6.32166521557731 50.8383474955825,6.16738172896202 50.8020443318383)"
;;;;;;;;;;;l953;"SRID=4326;LINESTRING(6.70219721289106 51.0088597430362,6.61240236819431 51.0359242961049)"
;;;;;;;;;;;l954;"SRID=4326;LINESTRING(7.17937918293452 51.4722019618656,7.12557294579876 51.4489772806916)"
;;;;;;;;;;;l955;"SRID=4326;LINESTRING(6.96568445966487 51.0693295406357,7.23319688909308 51.2325069074323)"
;;;;;;;;;;;l956;"SRID=4326;LINESTRING(6.30090126366431 50.8289532360211,6.45655251893853 50.8713380734833)"
;;;;;;;;;;;l957;"SRID=4326;LINESTRING(7.13689471769255 50.6428608849405,7.44948701423191 50.4025259728409)"
;;;;;;;;;;;l958;"SRID=4326;LINESTRING(6.32166521557731 50.8383474955825,6.45655251893853 50.8713380734833)"
;;;;;;;;;;;l959;"SRID=4326;LINESTRING(6.62582903685647 51.2606112581148,6.61240236819431 51.0359242961049)"
;;;;;;;;;;;l960;"SRID=4326;LINESTRING(6.96568445966487 51.0693295406357,7.12308198261157 51.1715887959352)"
;;;;;;;;;;;l961;"SRID=4326;LINESTRING(6.96568445966487 51.0693295406357,6.70219721289106 51.0088597430362)"
;;;;;;;;;;;l962;"SRID=4326;LINESTRING(6.80109337218585 51.1225390893163,7.00877917051357 51.1742549445955)"
;;;;;;;;;;;l963;"SRID=4326;LINESTRING(6.84265069037124 50.8635385173748,6.70219721289106 51.0088597430362)"
;;;;;;;;;;;l964;"SRID=4326;LINESTRING(6.97257748891579 50.795693016675,7.86394571439194 50.7682419302039)"
;;;;;;;;;;;l965;"SRID=4326;LINESTRING(6.97257748891579 50.795693016675,6.80461624403732 50.9662477744576)"
;;;;;;;;;;;l966;"SRID=4326;LINESTRING(7.71862724482037 51.5342075253387,7.93077012209125 51.6729710114195)"
;;;;;;;;;;;l967;"SRID=4326;LINESTRING(6.96568445966487 51.0693295406357,6.70219721289106 51.0088597430362)"
;;;;;;;;;;;l968;"SRID=4326;LINESTRING(6.70219721289106 51.0088597430362,6.80109337218585 51.1225390893163)"
;;;;;;;;;;;l969;"SRID=4326;LINESTRING(6.97257748891579 50.795693016675,6.45655251893853 50.8713380734833)"
;;;;;;;;;;;l970;"SRID=4326;LINESTRING(6.97257748891579 50.795693016675,7.44948701423191 50.4025259728409)"
;;;;;;;;;;;l971;"SRID=4326;LINESTRING(6.22183149094702 51.6946456455863,6.68079563463015 51.6462972769253)"
;;;;;;;;;;;l972;"SRID=4326;LINESTRING(7.00674991840299 51.5999114356605,7.06034476225792 51.6964980793073)"
;;;;;;;;;;;l973;"SRID=4326;LINESTRING(7.03761992937395 51.5985496345954,6.68079563463015 51.6462972769253)"
;;;;;;;;;;;l974;"SRID=4326;LINESTRING(6.61738115554636 51.4757909650564,6.65673523718494 51.3795236591475)"
;;;;;;;;;;;l975;"SRID=4326;LINESTRING(7.26408347971959 51.5735734400302,7.06034476225792 51.6964980793073)"
;;;;;;;;;;;l976;"SRID=4326;LINESTRING(7.16721463545721 51.3899067765993,7.27894732573719 51.4722814207425)"
;;;;;;;;;;;l977;"SRID=4326;LINESTRING(7.18667757416348 51.5505890861964,7.12557294579876 51.4489772806916)"
;;;;;;;;;;;l978;"SRID=4326;LINESTRING(6.62582903685647 51.2606112581148,6.70219721289106 51.0088597430362)"
;;;;;;;;;;;l979;"SRID=4326;LINESTRING(7.26408347971959 51.5735734400302,7.35135789785079 51.5683686345539)"
;;;;;;;;;;;l980;"SRID=4326;LINESTRING(7.18667757416348 51.5505890861964,7.17937918293452 51.4722019618656)"
;;;;;;;;;;;l981;"SRID=4326;LINESTRING(7.26408347971959 51.5735734400302,7.16721463545721 51.3899067765993)"
;;;;;;;;;;;l982;"SRID=4326;LINESTRING(6.93488872133436 51.033522366054,6.82804663323414 51.1626523772377)"
;;;;;;;;;;;l983;"SRID=4326;LINESTRING(7.50597986222128 51.4016012425797,7.12557294579876 51.4489772806916)"
;;;;;;;;;;;l984;"SRID=4326;LINESTRING(7.03761992937395 51.5985496345954,7.12557294579876 51.4489772806916)"
;;;;;;;;;;;l985;"SRID=4326;LINESTRING(7.26408347971959 51.5735734400302,7.27894732573719 51.4722814207425)"
;;;;;;;;;;;l986;"SRID=4326;LINESTRING(7.18667757416348 51.5505890861964,7.12557294579876 51.4489772806916)"
;;;;;;;;;;;l987;"SRID=4326;LINESTRING(7.50597986222128 51.4016012425797,7.12557294579876 51.4489772806916)"
;;;;;;;;;;;l988;"SRID=4326;LINESTRING(6.96568445966487 51.0693295406357,6.70219721289106 51.0088597430362)"
;;;;;;;;;;;l989;"SRID=4326;LINESTRING(6.96568445966487 51.0693295406357,6.84699935555237 51.2055917675691)"
;;;;;;;;;;;l990;"SRID=4326;LINESTRING(7.19316581458292 50.7983350844101,7.04738454562441 50.9055286430507)"
;;;;;;;;;;;l991;"SRID=4326;LINESTRING(6.93488872133436 51.033522366054,6.96568445966487 51.0693295406357)"
;;;;;;;;;;;l992;"SRID=4326;LINESTRING(6.62582903685647 51.2606112581148,6.7097559453279 51.0909324851035)"
;;;;;;;;;;;l993;"SRID=4326;LINESTRING(7.19316581458292 50.7983350844101,7.86394571439194 50.7682419302039)"
;;;;;;;;;;;l994;"SRID=4326;LINESTRING(7.23319688909308 51.2325069074323,7.86394571439194 50.7682419302039)"
;;;;;;;;;;;l995;"SRID=4326;LINESTRING(6.62582903685647 51.2606112581148,6.33000626218352 51.2429166388389)"
;;;;;;;;;;;l996;"SRID=4326;LINESTRING(6.96568445966487 51.0693295406357,7.50597986222128 51.4016012425797)"
;;;;;;;;;;;l997;"SRID=4326;LINESTRING(6.96568445966487 51.0693295406357,7.0235445515269 50.9990684211965)"
;;;;;;;;;;;l998;"SRID=4326;LINESTRING(7.19316581458292 50.7983350844101,7.86394571439194 50.7682419302039)"
;;;;;;;;;;;l999;"SRID=4326;LINESTRING(7.12308198261157 51.1715887959352,7.86394571439194 50.7682419302039)"
;;;;;;;;;;;l1000;"SRID=4326;LINESTRING(6.96568445966487 51.0693295406357,7.72438409063489 51.4093341491518)"
;;;;;;;;;;;l1001;"SRID=4326;LINESTRING(6.96568445966487 51.0693295406357,7.0235445515269 50.9990684211965)"
;;;;;;;;;;;l1002;"SRID=4326;LINESTRING(6.97257748891579 50.795693016675,6.84223119628968 50.8598647273121)"
;;;;;;;;;;;l1003;"SRID=4326;LINESTRING(6.97257748891579 50.795693016675,7.19316581458292 50.7983350844101)"
;;;;;;;;;;;l1004;"SRID=4326;LINESTRING(7.0235445515269 50.9990684211965,7.04738454562441 50.9055286430507)"
;;;;;;;;;;;l1005;"SRID=4326;LINESTRING(7.0235445515269 50.9990684211965,7.04738454562441 50.9055286430507)"
;;;;;;;;;;;l1006;"SRID=4326;LINESTRING(6.97257748891579 50.795693016675,7.19316581458292 50.7983350844101)"
;;;;;;;;;;;l1007;"SRID=4326;LINESTRING(8.36422958832611 51.9271205112378,7.99288732000281 51.6837077158762)"
;;;;;;;;;;;l1008;"SRID=4326;LINESTRING(6.45655251893853 50.8713380734833,6.48812326066423 50.8810703279012)"
;;;;;;;;;;;l1009;"SRID=4326;LINESTRING(8.05408740677995 53.332302708936,8.47470705828713 53.4286512121137)"
;;;;;;;;;;;l1010;"SRID=4326;LINESTRING(8.47791063608626 53.428485495717,8.05283756803222 53.3338809660191)"
;;;;;;;;;;;l1011;"SRID=4326;LINESTRING(6.57648211320418 51.0555954842661,6.7097559453279 51.0909324851035)"
;;;;;;;;;;;l1012;"SRID=4326;LINESTRING(6.85153261718464 50.9841665158571,6.80461624403732 50.9662477744576)"
;;;;;;;;;;;l1013;"SRID=4326;LINESTRING(6.57648211320418 51.0555954842661,6.70219721289106 51.0088597430362)"
;;;;;;;;;;;l1014;"SRID=4326;LINESTRING(6.85153261718464 50.9841665158571,6.80461624403732 50.9662477744576)"
;;;;;;;;;;;l1015;"SRID=4326;LINESTRING(8.9396926172441 52.4030332405173,9.12526574244048 52.5382641233458)"
;;;;;;;;;;;l1016;"SRID=4326;LINESTRING(6.70219721289106 51.0088597430362,6.59601984709512 50.9525274662191)"
;;;;;;;;;;;l1017;"SRID=4326;LINESTRING(7.35311188155085 51.5758105365035,7.33861261905923 51.6319781599433)"
;;;;;;;;;;;l1018;"SRID=4326;LINESTRING(7.35311188155085 51.5758105365035,7.7083185190139 51.6762033258373)"
;;;;;;;;;;;l1019;"SRID=4326;LINESTRING(7.61702105012869 51.6371337810622,7.7083185190139 51.6762033258373)"
;;;;;;;;;;;l1020;"SRID=4326;LINESTRING(7.35311188155085 51.5758105365035,7.33861261905923 51.6319781599433)"
;;;;;;;;;;;l1021;"SRID=4326;LINESTRING(7.52228012599778 51.5321980611413,7.7083185190139 51.6762033258373)"
;;;;;;;;;;;l1022;"SRID=4326;LINESTRING(6.90660784108641 51.5652424548867,6.92675898550662 51.4992056970517)"
;;;;;;;;;;;l1023;"SRID=4326;LINESTRING(7.00674991840299 51.5999114356605,6.92675898550662 51.4992056970517)"
;;;;;;;;;;;l1024;"SRID=4326;LINESTRING(7.03761992937395 51.5985496345954,6.92675898550662 51.4992056970517)"
;;;;;;;;;;;l1025;"SRID=4326;LINESTRING(6.92675898550662 51.4992056970517,6.96734395630657 51.490861901735)"
;;;;;;;;;;;l1026;"SRID=4326;LINESTRING(6.92675898550662 51.4992056970517,6.96734395630657 51.490861901735)"
;;;;;;;;;;;l1027;"SRID=4326;LINESTRING(6.90660784108641 51.5652424548867,6.68079563463015 51.6462972769253)"
;;;;;;;;;;;l1028;"SRID=4326;LINESTRING(6.92675898550662 51.4992056970517,6.87287367577891 51.4457833914382)"
;;;;;;;;;;;l1029;"SRID=4326;LINESTRING(6.92675898550662 51.4992056970517,6.87287367577891 51.4457833914382)"
;;;;;;;;;;;l1030;"SRID=4326;LINESTRING(7.00674991840299 51.5999114356605,7.06034476225792 51.6964980793073)"
;;;;;;;;;;;l1031;"SRID=4326;LINESTRING(7.03761992937395 51.5985496345954,7.06034476225792 51.6964980793073)"
;;;;;;;;;;;l1032;"SRID=4326;LINESTRING(7.00674991840299 51.5999114356605,7.06034476225792 51.6964980793073)"
;;;;;;;;;;;l1033;"SRID=4326;LINESTRING(6.86804500654219 51.374474803487,6.72376717933502 51.3556543954881)"
;;;;;;;;;;;l1034;"SRID=4326;LINESTRING(6.45655251893853 50.8713380734833,6.48812326066423 50.8810703279012)"
;;;;;;;;;;;l1035;"SRID=4326;LINESTRING(6.68079563463015 51.6462972769253,6.78752992543912 51.5055494229858)"
;;;;;;;;;;;l1036;"SRID=4326;LINESTRING(6.70219721289106 51.0088597430362,6.62284324444971 51.2587133994989)"
;;;;;;;;;;;l1037;"SRID=4326;LINESTRING(6.45655251893853 50.8713380734833,6.48812326066423 50.8810703279012)"
;;;;;;;;;;;l1038;"SRID=4326;LINESTRING(6.68079563463015 51.6462972769253,6.81216589807283 51.5196200390464)"
;;;;;;;;;;;l1039;"SRID=4326;LINESTRING(11.6389126099956 52.2687358982154,11.727353429381 52.5689470103264)"
;;;;;;;;;;;l1040;"SRID=4326;LINESTRING(6.62582903685647 51.2606112581148,6.72031004220211 51.391532581128)"
;;;;;;;;;;;l1041;"SRID=4326;LINESTRING(6.62582903685647 51.2606112581148,6.54240843928532 51.2994458346854)"
;;;;;;;;;;;l1042;"SRID=4326;LINESTRING(6.67467535942029 51.324957491388,6.62582903685647 51.2606112581148)"
;;;;;;;;;;;l1043;"SRID=4326;LINESTRING(13.078642146735 54.2848461827889,13.6834769799404 54.1390906728297)"
;;;;;;;;;;;l1044;"SRID=4326;LINESTRING(13.078642146735 54.2848461827889,13.6834769799404 54.1390906728297)"
;;;;;;;;;;;l1045;"SRID=4326;LINESTRING(8.02029038221744 50.9236169231237,7.86394571439194 50.7682419302039)"
;;;;;;;;;;;l1046;"SRID=4326;LINESTRING(13.9570055873006 53.2521716356786,13.709669749528 52.5397952998981)"
;;;;;;;;;;;l1047;"SRID=4326;LINESTRING(14.2708346906575 53.0962865828729,14.0336963902155 53.507868594058)"
;;;;;;;;;;;l1048;"SRID=4326;LINESTRING(14.4762521312891 53.1967495435604,14.2708346906575 53.0962865828729)"
;;;;;;;;;;;l1049;"SRID=4326;LINESTRING(13.9570055873006 53.2521716356786,14.0336963902155 53.507868594058)"
;;;;;;;;;;;l1050;"SRID=4326;LINESTRING(14.2708346906575 53.0962865828729,13.709669749528 52.5397952998981)"
;;;;;;;;;;;l1051;"SRID=4326;LINESTRING(9.90884756824768 53.4880466468098,9.50178971212981 53.5428143880013)"
;;;;;;;;;;;l1052;"SRID=4326;LINESTRING(9.90884756824768 53.4880466468098,10.1575057595216 53.5551266364644)"
;;;;;;;;;;;l1053;"SRID=4326;LINESTRING(9.90884756824768 53.4880466468098,10.1575057595216 53.5551266364644)"
;;;;;;;;;;;l1054;"SRID=4326;LINESTRING(9.90884756824768 53.4880466468098,9.50178971212981 53.5428143880013)"
;;;;;;;;;;;l1055;"SRID=4326;LINESTRING(6.67467535942029 51.324957491388,6.72376717933502 51.3556543954881)"
;;;;;;;;;;;l1056;"SRID=4326;LINESTRING(6.61738115554636 51.4757909650564,6.72376717933502 51.3556543954881)"
;;;;;;;;;;;l1057;"SRID=4326;LINESTRING(6.61738115554636 51.4757909650564,6.71114528740106 51.5261875789907)"
;;;;;;;;;;;l1058;"SRID=4326;LINESTRING(6.61738115554636 51.4757909650564,6.68934282070814 51.5764229278963)"
;;;;;;;;;;;l1059;"SRID=4326;LINESTRING(6.22183149094702 51.6946456455863,6.68079563463015 51.6462972769253)"
;;;;;;;;;;;l1060;"SRID=4326;LINESTRING(6.92675898550662 51.4992056970517,6.78752992543912 51.5055494229858)"
;;;;;;;;;;;l1061;"SRID=4326;LINESTRING(6.92675898550662 51.4992056970517,6.78752992543912 51.5055494229858)"
;;;;;;;;;;;l1062;"SRID=4326;LINESTRING(6.72376717933502 51.3556543954881,6.72031004220211 51.391532581128)"
;;;;;;;;;;;l1063;"SRID=4326;LINESTRING(6.65673523718494 51.3795236591475,6.72376717933502 51.3556543954881)"
;;;;;;;;;;;l1064;"SRID=4326;LINESTRING(6.72376717933502 51.3556543954881,6.72365238886558 51.3758458427716)"
;;;;;;;;;;;l1065;"SRID=4326;LINESTRING(8.61664770595698 48.0659538545522,8.87294280093827 48.310091303568)"
;;;;;;;;;;;l1066;"SRID=4326;LINESTRING(6.71525262621456 51.5267908744287,6.78752992543912 51.5055494229858)"
;;;;;;;;;;;l1067;"SRID=4326;LINESTRING(6.71525262621456 51.5267908744287,6.78752992543912 51.5055494229858)"
;;;;;;;;;;;l1068;"SRID=4326;LINESTRING(12.1869848529515 53.8157751978716,12.185765240779 53.8108598322992)"
;;;;;;;;;;;l1069;"SRID=4326;LINESTRING(12.1869848529515 53.8157751978716,12.185765240779 53.8108598322992)"
;;;;;;;;;;;l1070;"SRID=4326;LINESTRING(6.68079563463015 51.6462972769253,6.71114528740106 51.5261875789907)"
;;;;;;;;;;;l1071;"SRID=4326;LINESTRING(6.68079563463015 51.6462972769253,6.68934282070814 51.5764229278963)"
;;;;;;;;;;;l1072;"SRID=4326;LINESTRING(6.71525262621456 51.5267908744287,6.7225698255489 51.4797877133457)"
;;;;;;;;;;;l1073;"SRID=4326;LINESTRING(6.68934282070814 51.5764229278963,6.68146365257697 51.5776527635093)"
;;;;;;;;;;;l1074;"SRID=4326;LINESTRING(6.68934282070814 51.5764229278963,6.68146365257697 51.5776527635093)"
;;;;;;;;;;;l1075;"SRID=4326;LINESTRING(6.71525262621456 51.5267908744287,6.68310699520914 51.5756455198898)"
;;;;;;;;;;;l1076;"SRID=4326;LINESTRING(6.71525262621456 51.5267908744287,6.74541685133193 51.4986419229617)"
;;;;;;;;;;;l1077;"SRID=4326;LINESTRING(6.61427858001903 51.6186788195162,6.68310699520914 51.5756455198898)"
;;;;;;;;;;;l1078;"SRID=4326;LINESTRING(6.61427858001903 51.6186788195162,6.71525262621456 51.5267908744287)"
;;;;;;;;;;;l1079;"SRID=4326;LINESTRING(7.44506932534523 51.6185001200754,7.7083185190139 51.6762033258373)"
;;;;;;;;;;;l1080;"SRID=4326;LINESTRING(6.80461624403732 50.9662477744576,6.70219721289106 51.0088597430362)"
;;;;;;;;;;;l1081;"SRID=4326;LINESTRING(6.73212494203963 51.4594437546532,6.7225698255489 51.4797877133457)"
;;;;;;;;;;;l1082;"SRID=4326;LINESTRING(6.73212494203963 51.4594437546532,6.7225698255489 51.4797877133457)"
;;;;;;;;;;;l1083;"SRID=4326;LINESTRING(9.12526574244048 52.5382641233458,9.25103429423424 53.1144323213021)"
;;;;;;;;;;;l1084;"SRID=4326;LINESTRING(9.12526574244048 52.5382641233458,9.25103429423424 53.1144323213021)"
;;;;;;;;;;;l1085;"SRID=4326;LINESTRING(7.32089264924598 52.4714572257118,7.30824781629083 52.4767901583642)"
;;;;;;;;;;;l1086;"SRID=4326;LINESTRING(7.03496796550368 52.2028607768236,6.75917489922906 52.2488579210093)"
;;;;;;;;;;;l1087;"SRID=4326;LINESTRING(7.03496796550368 52.2028607768236,6.75917489922906 52.2488579210093)"
;;;;;;;;;;;l1088;"SRID=4326;LINESTRING(7.50597986222128 51.4016012425797,7.70635767084239 51.2785803248342)"
;;;;;;;;;;;l1089;"SRID=4326;LINESTRING(7.50597986222128 51.4016012425797,7.70635767084239 51.2785803248342)"
;;;;;;;;;;;l1090;"SRID=4326;LINESTRING(7.50597986222128 51.4016012425797,7.4503420737133 51.4136082478987)"
;;;;;;;;;;;l1091;"SRID=4326;LINESTRING(6.70219721289106 51.0088597430362,6.63448170507317 51.0359799570641)"
;;;;;;;;;;;l1092;"SRID=4326;LINESTRING(6.70219721289106 51.0088597430362,6.63448170507317 51.0359799570641)"
;;;;;;;;;;;l1093;"SRID=4326;LINESTRING(7.7083185190139 51.6762033258373,7.60711615834737 51.8986046345034)"
;;;;;;;;;;;l1094;"SRID=4326;LINESTRING(7.7083185190139 51.6762033258373,7.40354445433039 51.6444495221964)"
;;;;;;;;;;;l1095;"SRID=4326;LINESTRING(9.12526574244048 52.5382641233458,9.11321011483187 52.5438533448625)"
;;;;;;;;;;;l1096;"SRID=4326;LINESTRING(9.12526574244048 52.5382641233458,9.11321011483187 52.5438533448625)"
;;;;;;;;;;;l1097;"SRID=4326;LINESTRING(9.12526574244048 52.5382641233458,9.11321011483187 52.5438533448625)"
;;;;;;;;;;;l1098;"SRID=4326;LINESTRING(6.45655251893853 50.8713380734833,6.59601984709512 50.9525274662191)"
;;;;;;;;;;;l1099;"SRID=4326;LINESTRING(9.40952036752961 52.0343166956609,9.38974515063535 52.0263130791669)"
;;;;;;;;;;;l1100;"SRID=4326;LINESTRING(6.99647662277982 49.3754093214106,7.23579348811378 49.3693923811997)"
;;;;;;;;;;;l1101;"SRID=4326;LINESTRING(6.99647662277982 49.3754093214106,8.41937108566179 49.6337357665925)"
;;;;;;;;;;;l1102;"SRID=4326;LINESTRING(6.81368434620717 49.7248341051075,6.99647662277982 49.3754093214106)"
;;;;;;;;;;;l1103;"SRID=4326;LINESTRING(8.58869053015616 49.8155140535631,8.54716101729403 49.4405397603694)"
;;;;;;;;;;;l1104;"SRID=4326;LINESTRING(8.41937108566179 49.6337357665925,8.40828876612783 49.5286235333031)"
;;;;;;;;;;;l1105;"SRID=4326;LINESTRING(8.41937108566179 49.6337357665925,7.44948701423191 50.4025259728409)"
;;;;;;;;;;;l1106;"SRID=4326;LINESTRING(8.41937108566179 49.6337357665925,7.44948701423191 50.4025259728409)"
;;;;;;;;;;;l1107;"SRID=4326;LINESTRING(8.41937108566179 49.6337357665925,8.40828876612783 49.5286235333031)"
;;;;;;;;;;;l1108;"SRID=4326;LINESTRING(9.19078746567264 48.9144168850357,8.41937108566179 49.6337357665925)"
;;;;;;;;;;;l1109;"SRID=4326;LINESTRING(9.19078746567264 48.9144168850357,8.41937108566179 49.6337357665925)"
;;;;;;;;;;;l1110;"SRID=4326;LINESTRING(8.58869053015616 49.8155140535631,8.54716101729403 49.4405397603694)"
;;;;;;;;;;;l1111;"SRID=4326;LINESTRING(12.1320700033184 54.1424599150795,12.2147735094259 54.1003234808405)"
;;;;;;;;;;;l1112;"SRID=4326;LINESTRING(12.1869848529515 53.8157751978716,12.2135605906601 54.1119998916809)"
;;;;;;;;;;;l1113;"SRID=4326;LINESTRING(13.078642146735 54.2848461827889,12.1869848529515 53.8157751978716)"
;;;;;;;;;;;l1114;"SRID=4326;LINESTRING(8.57125886720865 52.1053649703152,8.9396926172441 52.4030332405173)"
;;;;;;;;;;;l1115;"SRID=4326;LINESTRING(8.57125886720865 52.1053649703152,8.6593729546501 51.9996101360209)"
;;;;;;;;;;;l1116;"SRID=4326;LINESTRING(8.57125886720865 52.1053649703152,8.6593729546501 51.9996101360209)"
;;;;;;;;;;;l1117;"SRID=4326;LINESTRING(8.57125886720865 52.1053649703152,8.9396926172441 52.4030332405173)"
;;;;;;;;;;;l1118;"SRID=4326;LINESTRING(8.30775696202904 52.3456357754793,7.88957673752775 52.2773967844269)"
;;;;;;;;;;;l1119;"SRID=4326;LINESTRING(8.05408740677995 53.332302708936,7.31136230953603 53.1257665914164)"
;;;;;;;;;;;l1120;"SRID=4326;LINESTRING(8.05408740677995 53.332302708936,7.31136230953603 53.1257665914164)"
;;;;;;;;;;;l1121;"SRID=4326;LINESTRING(8.122642304058 53.5605160665145,8.05283756803222 53.3338809660191)"
;;;;;;;;;;;l1122;"SRID=4326;LINESTRING(6.94948404574031 53.1235378491255,7.31136230953603 53.1257665914164)"
;;;;;;;;;;;l1123;"SRID=4326;LINESTRING(8.122642304058 53.5605160665145,8.05283756803222 53.3338809660191)"
;;;;;;;;;;;l1124;"SRID=4326;LINESTRING(7.23579348811378 49.3693923811997,8.31334018942867 49.0090434774209)"
;;;;;;;;;;;l1125;"SRID=4326;LINESTRING(8.40828876612783 49.5286235333031,8.27327814627525 49.0293981037883)"
;;;;;;;;;;;l1126;"SRID=4326;LINESTRING(8.35233395252327 49.4212743450173,8.40828876612783 49.5286235333031)"
;;;;;;;;;;;l1127;"SRID=4326;LINESTRING(7.72920204621049 49.4826474377754,8.35233395252327 49.4212743450173)"
;;;;;;;;;;;l1128;"SRID=4326;LINESTRING(8.35233395252327 49.4212743450173,8.27327814627525 49.0293981037883)"
;;;;;;;;;;;l1129;"SRID=4326;LINESTRING(9.79733614300556 52.0008392548375,9.91814868737007 52.3799963378317)"
;;;;;;;;;;;l1130;"SRID=4326;LINESTRING(9.9171797569037 52.2781686248742,9.38974515063535 52.0263130791669)"
;;;;;;;;;;;l1131;"SRID=4326;LINESTRING(9.19078746567264 48.9144168850357,10.0821573814608 48.2660901922742)"
;;;;;;;;;;;l1132;"SRID=4326;LINESTRING(8.62716128185002 49.5435952784092,8.50180857459037 49.4449115329164)"
;;;;;;;;;;;l1133;"SRID=4326;LINESTRING(10.0821573814608 48.2660901922742,10.3917760727113 48.51846091102)"
;;;;;;;;;;;l1134;"SRID=4326;LINESTRING(7.95807590404246 47.595477987414,7.75349549403634 48.0993557332288)"
;;;;;;;;;;;l1135;"SRID=4326;LINESTRING(10.0837513310281 48.268867503254,9.88551515679306 48.3040743800139)"
;;;;;;;;;;;l1136;"SRID=4326;LINESTRING(9.01340237137239 47.84534861265,8.25192553682682 47.6397698245713)"
;;;;;;;;;;;l1137;"SRID=4326;LINESTRING(9.19675654948238 48.9129634543149,8.54716101729403 49.4405397603694)"
;;;;;;;;;;;l1138;"SRID=4326;LINESTRING(10.0821573814608 48.2660901922742,10.3917760727113 48.51846091102)"
;;;;;;;;;;;l1139;"SRID=4326;LINESTRING(9.88551515679306 48.3040743800139,10.0821573814608 48.2660901922742)"
;;;;;;;;;;;l1140;"SRID=4326;LINESTRING(6.6205356426611 49.7489386754597,6.13982051606053 49.6685969450672)"
;;;;;;;;;;;l1141;"SRID=4326;LINESTRING(6.81368434620717 49.7248341051075,6.4747398132316 49.9224693104147)"
;;;;;;;;;;;l1142;"SRID=4326;LINESTRING(6.4747398132316 49.9224693104147,6.70228544511704 49.8289944400988)"
;;;;;;;;;;;l1143;"SRID=4326;LINESTRING(6.6205356426611 49.7489386754597,6.4747398132316 49.9224693104147)"
;;;;;;;;;;;l1144;"SRID=4326;LINESTRING(8.58869053015616 49.8155140535631,8.53151491196588 50.0478743425063)"
;;;;;;;;;;;l1145;"SRID=4326;LINESTRING(8.47137164222049 50.0972077629353,8.06573800300669 50.4060681719154)"
;;;;;;;;;;;l1146;"SRID=4326;LINESTRING(8.38855643052221 49.9823050863709,8.47137164222049 50.0972077629353)"
;;;;;;;;;;;l1147;"SRID=4326;LINESTRING(8.38855643052221 49.9823050863709,8.47137164222049 50.0972077629353)"
;;;;;;;;;;;l1148;"SRID=4326;LINESTRING(8.53721905903123 50.078085052734,8.54248104018428 50.0959883311322)"
;;;;;;;;;;;l1149;"SRID=4326;LINESTRING(8.53721905903123 50.078085052734,8.54248104018428 50.0959883311322)"
;;;;;;;;;;;l1150;"SRID=4326;LINESTRING(8.77244299222179 49.9746686767501,8.58869053015616 49.8155140535631)"
;;;;;;;;;;;l1151;"SRID=4326;LINESTRING(8.77244299222179 49.9746686767501,8.58869053015616 49.8155140535631)"
;;;;;;;;;;;l1152;"SRID=4326;LINESTRING(8.77244299222179 49.9746686767501,8.98953621454728 50.0602551000841)"
;;;;;;;;;;;l1153;"SRID=4326;LINESTRING(8.98953621454728 50.0602551000841,8.95870858956225 50.0826078209328)"
;;;;;;;;;;;l1154;"SRID=4326;LINESTRING(8.77244299222179 49.9746686767501,8.95870858956225 50.0826078209328)"
;;;;;;;;;;;l1155;"SRID=4326;LINESTRING(10.0837513310281 48.268867503254,10.3633843211809 47.7383368357565)"
;;;;;;;;;;;l1156;"SRID=4326;LINESTRING(10.3633843211809 47.7383368357565,10.0821573814608 48.2660901922742)"
;;;;;;;;;;;l1157;"SRID=4326;LINESTRING(7.46150030545086 51.6146143296713,7.40354445433039 51.6444495221964)"
;;;;;;;;;;;l1158;"SRID=4326;LINESTRING(7.35311188155085 51.5758105365035,7.40354445433039 51.6444495221964)"
;;;;;;;;;;;l1159;"SRID=4326;LINESTRING(7.52228012599778 51.5321980611413,7.7083185190139 51.6762033258373)"
;;;;;;;;;;;l1160;"SRID=4326;LINESTRING(7.7083185190139 51.6762033258373,7.71823231806437 51.6743422310609)"
;;;;;;;;;;;l1161;"SRID=4326;LINESTRING(7.7083185190139 51.6762033258373,7.71554347208106 51.6736430903867)"
;;;;;;;;;;;l1162;"SRID=4326;LINESTRING(7.7083185190139 51.6762033258373,7.71459457000395 51.6730996766998)"
;;;;;;;;;;;l1163;"SRID=4326;LINESTRING(7.7083185190139 51.6762033258373,7.71270099798652 51.6726636796219)"
;;;;;;;;;;;l1164;"SRID=4326;LINESTRING(7.99288732000281 51.6837077158762,7.98122158717143 51.6735262789774)"
;;;;;;;;;;;l1165;"SRID=4326;LINESTRING(7.99288732000281 51.6837077158762,7.97065695307765 51.6768446919669)"
;;;;;;;;;;;l1166;"SRID=4326;LINESTRING(7.99288732000281 51.6837077158762,7.97065695307765 51.6768446919669)"
;;;;;;;;;;;l1167;"SRID=4326;LINESTRING(8.41937108566179 49.6337357665925,7.79256713751168 49.8105487905969)"
;;;;;;;;;;;l1168;"SRID=4326;LINESTRING(6.92013046576366 49.9705819072583,7.44948701423191 50.4025259728409)"
;;;;;;;;;;;l1169;"SRID=4326;LINESTRING(6.70228544511704 49.8289944400988,6.13982051606053 49.6685969450672)"
;;;;;;;;;;;l1170;"SRID=4326;LINESTRING(6.75552343093251 49.3648696290977,6.6205356426611 49.7489386754597)"
;;;;;;;;;;;l1171;"SRID=4326;LINESTRING(8.41937108566179 49.6337357665925,8.40828876612783 49.5286235333031)"
;;;;;;;;;;;l1172;"SRID=4326;LINESTRING(8.41937108566179 49.6337357665925,8.40828876612783 49.5286235333031)"
;;;;;;;;;;;l1173;"SRID=4326;LINESTRING(8.41937108566179 49.6337357665925,8.41467466404663 49.7091468542437)"
;;;;;;;;;;;l1174;"SRID=4326;LINESTRING(8.41937108566179 49.6337357665925,8.41467466404663 49.7091468542437)"
;;;;;;;;;;;l1175;"SRID=4326;LINESTRING(8.41937108566179 49.6337357665925,7.72920204621049 49.4826474377754)"
;;;;;;;;;;;l1176;"SRID=4326;LINESTRING(9.88280432069129 51.5155075368656,9.85139361305404 51.6491352561387)"
;;;;;;;;;;;l1177;"SRID=4326;LINESTRING(8.78579308261945 48.5837674313704,8.87294280093827 48.310091303568)"
;;;;;;;;;;;l1178;"SRID=4326;LINESTRING(8.78579308261945 48.5837674313704,9.04543499281662 48.9029620391364)"
;;;;;;;;;;;l1179;"SRID=4326;LINESTRING(9.80131720045512 47.6525043492184,9.81091693259485 47.1426453017769)"
;;;;;;;;;;;l1180;"SRID=4326;LINESTRING(9.42551240461559 48.06435084547,9.81091693259485 47.1426453017769)"
;;;;;;;;;;;l1181;"SRID=4326;LINESTRING(8.30775696202904 52.3456357754793,8.10495964382999 52.2642614054462)"
;;;;;;;;;;;l1182;"SRID=4326;LINESTRING(11.8132329291411 48.2212664672329,12.1301906386214 47.9131654927098)"
;;;;;;;;;;;l1183;"SRID=4326;LINESTRING(6.77252314401924 51.1471055233119,6.80182365898612 51.124788107918)"
;;;;;;;;;;;l1184;"SRID=4326;LINESTRING(6.77252314401924 51.1471055233119,6.80182365898612 51.124788107918)"
;;;;;;;;;;;l1185;"SRID=4326;LINESTRING(6.7097559453279 51.0909324851035,6.77252314401924 51.1471055233119)"
;;;;;;;;;;;l1186;"SRID=4326;LINESTRING(8.62480055555283 51.4278884079658,8.2117054289867 51.1779850077285)"
;;;;;;;;;;;l1187;"SRID=4326;LINESTRING(8.99279243937742 51.3430094105575,8.62480055555283 51.4278884079658)"
;;;;;;;;;;;l1188;"SRID=4326;LINESTRING(8.99279243937742 51.3430094105575,8.62480055555283 51.4278884079658)"
;;;;;;;;;;;l1189;"SRID=4326;LINESTRING(7.98506747780853 50.8422254631609,7.86394571439194 50.7682419302039)"
;;;;;;;;;;;l1190;"SRID=4326;LINESTRING(8.28486180869833 50.7590735041179,7.86394571439194 50.7682419302039)"
;;;;;;;;;;;l1191;"SRID=4326;LINESTRING(7.22423843379854 53.349927162548,7.20605287251855 53.3413192735744)"
;;;;;;;;;;;l1192;"SRID=4326;LINESTRING(8.08565060815886 53.6058342194744,8.06005701182283 53.6202026205826)"
;;;;;;;;;;;l1193;"SRID=4326;LINESTRING(9.31819528207498 54.7160494380133,9.27063393311954 55.0370264929238)"
;;;;;;;;;;;l1194;"SRID=4326;LINESTRING(9.31819528207498 54.7160494380133,9.43342737750221 55.0187237565518)"
;;;;;;;;;;;l1195;"SRID=4326;LINESTRING(7.43348672766729 50.4365192111658,7.44948701423191 50.4025259728409)"
;;;;;;;;;;;l1196;"SRID=4326;LINESTRING(7.59330185837014 50.3859438273488,7.44948701423191 50.4025259728409)"
;;;;;;;;;;;l1197;"SRID=4326;LINESTRING(8.122642304058 53.5605160665145,8.12215705538293 53.5658323327544)"
;;;;;;;;;;;l1198;"SRID=4326;LINESTRING(8.122642304058 53.5605160665145,8.08565060815886 53.6058342194744)"
;;;;;;;;;;;l1199;"SRID=4326;LINESTRING(11.6389126099956 52.2687358982154,11.727353429381 52.5689470103264)"
;;;;;;;;;;;l1200;"SRID=4326;LINESTRING(9.98460987842098 53.7411288196703,9.20210266340539 53.8951623622383)"
;;;;;;;;;;;l1201;"SRID=4326;LINESTRING(9.98460987842098 53.7411288196703,10.1575057595216 53.5551266364644)"
;;;;;;;;;;;l1202;"SRID=4326;LINESTRING(11.6389126099956 52.2687358982154,11.5615085243446 52.1239035693175)"
;;;;;;;;;;;l1203;"SRID=4326;LINESTRING(11.6389126099956 52.2687358982154,11.5615085243446 52.1239035693175)"
;;;;;;;;;;;l1204;"SRID=4326;LINESTRING(11.6389126099956 52.2687358982154,12.1869848529515 53.8157751978716)"
;;;;;;;;;;;l1205;"SRID=4326;LINESTRING(11.6389126099956 52.2687358982154,12.1869848529515 53.8157751978716)"
;;;;;;;;;;;l1206;"SRID=4326;LINESTRING(13.078642146735 54.2848461827889,12.2135605906601 54.1119998916809)"
;;;;;;;;;;;l1207;"SRID=4326;LINESTRING(14.4762521312891 53.1967495435604,14.2708346906575 53.0962865828729)"
;;;;;;;;;;;l1208;"SRID=4326;LINESTRING(12.8139099558581 50.8579185289825,13.3823234132251 51.3559961800368)"
;;;;;;;;;;;l1209;"SRID=4326;LINESTRING(12.8139099558581 50.8579185289825,13.3823234132251 51.3559961800368)"
;;;;;;;;;;;l1210;"SRID=4326;LINESTRING(12.8139099558581 50.8579185289825,12.0449825821974 50.7812567747087)"
;;;;;;;;;;;l1211;"SRID=4326;LINESTRING(12.8139099558581 50.8579185289825,12.518222136544 51.157072596162)"
;;;;;;;;;;;l1212;"SRID=4326;LINESTRING(12.518222136544 51.157072596162,12.0449825821974 50.7812567747087)"
;;;;;;;;;;;l1213;"SRID=4326;LINESTRING(12.8139099558581 50.8579185289825,11.6463786860412 50.5348769896165)"
;;;;;;;;;;;l1214;"SRID=4326;LINESTRING(12.8139099558581 50.8579185289825,12.0449825821974 50.7812567747087)"
;;;;;;;;;;;l1215;"SRID=4326;LINESTRING(11.6463786860412 50.5348769896165,12.0449825821974 50.7812567747087)"
;;;;;;;;;;;l1216;"SRID=4326;LINESTRING(8.08162672435001 52.8586374919795,8.05283756803222 53.3338809660191)"
;;;;;;;;;;;l1217;"SRID=4326;LINESTRING(8.08162672435001 52.8586374919795,8.05283756803222 53.3338809660191)"
;;;;;;;;;;;l1218;"SRID=4326;LINESTRING(7.22423843379854 53.349927162548,8.05283756803222 53.3338809660191)"
;;;;;;;;;;;l1219;"SRID=4326;LINESTRING(7.22423843379854 53.349927162548,8.05283756803222 53.3338809660191)"
;;;;;;;;;;;l1220;"SRID=4326;LINESTRING(9.88280432069129 51.5155075368656,9.56710206574622 51.325257359953)"
;;;;;;;;;;;l1221;"SRID=4326;LINESTRING(9.88280432069129 51.5155075368656,9.56710206574622 51.325257359953)"
;;;;;;;;;;;l1222;"SRID=4326;LINESTRING(8.30775696202904 52.3456357754793,7.88957673752775 52.2773967844269)"
;;;;;;;;;;;l1223;"SRID=4326;LINESTRING(8.10495964382999 52.2642614054462,7.88957673752775 52.2773967844269)"
;;;;;;;;;;;l1224;"SRID=4326;LINESTRING(8.10495964382999 52.2642614054462,7.88957673752775 52.2773967844269)"
;;;;;;;;;;;l1225;"SRID=4326;LINESTRING(12.0074138795974 55.4515085212621,12.2147735094259 54.1003234808405)"
;;;;;;;;;;;l1226;"SRID=4326;LINESTRING(7.88957673752775 52.2773967844269,7.74679252616918 52.2885115307228)"
;;;;;;;;;;;l1227;"SRID=4326;LINESTRING(8.12061826655718 48.7053527235337,7.91072937298184 48.501288357463)"
;;;;;;;;;;;l1228;"SRID=4326;LINESTRING(7.72570638711988 52.2771949193371,7.88957673752775 52.2773967844269)"
;;;;;;;;;;;l1229;"SRID=4326;LINESTRING(10.4149924241538 53.4126068813272,11.3706374165175 53.6009910913085)"
;;;;;;;;;;;l1230;"SRID=4326;LINESTRING(10.4149924241538 53.4126068813272,11.6993927384808 53.5722744896829)"
;;;;;;;;;;;l1231;"SRID=4326;LINESTRING(14.5081092115389 51.4137104048148,14.2192283642215 51.1207080075153)"
;;;;;;;;;;;l1232;"SRID=4326;LINESTRING(14.5081092115389 51.4137104048148,14.2192283642215 51.1207080075153)"
;;;;;;;;;;;l1233;"SRID=4326;LINESTRING(14.5081092115389 51.4137104048148,14.5700866006585 51.4190137129385)"
;;;;;;;;;;;l1234;"SRID=4326;LINESTRING(14.5081092115389 51.4137104048148,14.5700866006585 51.4190137129385)"
;;;;;;;;;;;l1235;"SRID=4326;LINESTRING(14.5081092115389 51.4137104048148,14.5700866006585 51.4190137129385)"
;;;;;;;;;;;l1236;"SRID=4326;LINESTRING(14.5081092115389 51.4137104048148,14.5700866006585 51.4190137129385)"
;;;;;;;;;;;l1237;"SRID=4326;LINESTRING(11.5615085243446 52.1239035693175,11.6441811640088 51.9085129245988)"
;;;;;;;;;;;l1238;"SRID=4326;LINESTRING(11.5615085243446 52.1239035693175,11.6441811640088 51.9085129245988)"
;;;;;;;;;;;l1239;"SRID=4326;LINESTRING(11.6389126099956 52.2687358982154,11.6441811640088 51.9085129245988)"
;;;;;;;;;;;l1240;"SRID=4326;LINESTRING(11.6441811640088 51.9085129245988,13.9024347133056 51.874723530085)"
;;;;;;;;;;;l1241;"SRID=4326;LINESTRING(11.6441811640088 51.9085129245988,13.9024347133056 51.874723530085)"
;;;;;;;;;;;l1242;"SRID=4326;LINESTRING(11.6389126099956 52.2687358982154,11.6441811640088 51.9085129245988)"
;;;;;;;;;;;l1243;"SRID=4326;LINESTRING(11.6463786860412 50.5348769896165,11.4746908484648 50.6040154986165)"
;;;;;;;;;;;l1244;"SRID=4326;LINESTRING(11.6463786860412 50.5348769896165,11.4746908484648 50.6040154986165)"
;;;;;;;;;;;l1245;"SRID=4326;LINESTRING(11.6463786860412 50.5348769896165,10.9910146509867 50.5735270149254)"
;;;;;;;;;;;l1246;"SRID=4326;LINESTRING(11.6463786860412 50.5348769896165,10.9910146509867 50.5735270149254)"
;;;;;;;;;;;l1247;"SRID=4326;LINESTRING(7.44506932534523 51.6185001200754,7.46150030545086 51.6146143296713)"
;;;;;;;;;;;l1248;"SRID=4326;LINESTRING(10.366274939217 52.2846467643429,10.5054991845412 52.3018379177997)"
;;;;;;;;;;;l1249;"SRID=4326;LINESTRING(9.52257601112577 52.3604090734199,9.11321011483187 52.5438533448625)"
;;;;;;;;;;;l1250;"SRID=4326;LINESTRING(9.12526574244048 52.5382641233458,9.11362801252575 52.5457924965917)"
;;;;;;;;;;;l1251;"SRID=4326;LINESTRING(9.12526574244048 52.5382641233458,9.11362801252575 52.5457924965917)"
;;;;;;;;;;;l1252;"SRID=4326;LINESTRING(9.11321011483187 52.5438533448625,9.25103429423424 53.1144323213021)"
;;;;;;;;;;;l1253;"SRID=4326;LINESTRING(9.38974515063535 52.0263130791669,9.12526574244048 52.5382641233458)"
;;;;;;;;;;;l1254;"SRID=4326;LINESTRING(10.366274939217 52.2846467643429,10.369230142447 52.1670924591566)"
;;;;;;;;;;;l1255;"SRID=4326;LINESTRING(10.366274939217 52.2846467643429,10.4195406715655 52.236960686926)"
;;;;;;;;;;;l1256;"SRID=4326;LINESTRING(10.369230142447 52.1670924591566,10.0876468394791 52.3151305685128)"
;;;;;;;;;;;l1257;"SRID=4326;LINESTRING(8.51888183670623 53.2026352879915,8.05283756803222 53.3338809660191)"
;;;;;;;;;;;l1258;"SRID=4326;LINESTRING(10.366274939217 52.2846467643429,9.91814868737007 52.3799963378317)"
;;;;;;;;;;;l1259;"SRID=4326;LINESTRING(6.97257748891579 50.795693016675,6.70219721289106 51.0088597430362)"
;;;;;;;;;;;l1260;"SRID=4326;LINESTRING(6.84265069037124 50.8635385173748,6.97257748891579 50.795693016675)"
;;;;;;;;;;;l1261;"SRID=4326;LINESTRING(12.262173544509 51.7410202813412,13.9024347133056 51.874723530085)"
;;;;;;;;;;;l1262;"SRID=4326;LINESTRING(13.9024347133056 51.874723530085,13.3823234132251 51.3559961800368)"
;;;;;;;;;;;l1263;"SRID=4326;LINESTRING(13.9024347133056 51.874723530085,13.3823234132251 51.3559961800368)"
;;;;;;;;;;;l1264;"SRID=4326;LINESTRING(8.30775696202904 52.3456357754793,8.10495964382999 52.2642614054462)"
;;;;;;;;;;;l1265;"SRID=4326;LINESTRING(8.40314145213673 52.609644032024,8.30775696202904 52.3456357754793)"
;;;;;;;;;;;l1266;"SRID=4326;LINESTRING(10.7610404155909 52.3677293936344,10.366274939217 52.2846467643429)"
;;;;;;;;;;;l1267;"SRID=4326;LINESTRING(10.366274939217 52.2846467643429,10.2358631776837 52.2934595593518)"
;;;;;;;;;;;l1268;"SRID=4326;LINESTRING(11.1228546271538 50.9989090757631,10.9910146509867 50.5735270149254)"
;;;;;;;;;;;l1269;"SRID=4326;LINESTRING(10.366274939217 52.2846467643429,10.3822011082464 52.9932426669735)"
;;;;;;;;;;;l1270;"SRID=4326;LINESTRING(10.366274939217 52.2846467643429,10.3822011082464 52.9932426669735)"
;;;;;;;;;;;l1271;"SRID=4326;LINESTRING(10.3787706356666 53.2197927695925,10.3822011082464 52.9932426669735)"
;;;;;;;;;;;l1272;"SRID=4326;LINESTRING(9.51424013881917 51.2590355982966,9.38765132401603 51.6407335383064)"
;;;;;;;;;;;l1273;"SRID=4326;LINESTRING(9.25938384941478 51.0603668957955,9.51424013881917 51.2590355982966)"
;;;;;;;;;;;l1274;"SRID=4326;LINESTRING(8.95870858956225 50.0826078209328,9.77415048127863 50.5287496740774)"
;;;;;;;;;;;l1275;"SRID=4326;LINESTRING(9.74615085631454 50.9168400022101,9.77415048127863 50.5287496740774)"
;;;;;;;;;;;l1276;"SRID=4326;LINESTRING(9.17745969579698 49.0378098900202,9.17731116526151 49.0393782085421)"
;;;;;;;;;;;l1277;"SRID=4326;LINESTRING(9.15135403252636 49.1433834351561,9.17731116526151 49.0393782085421)"
;;;;;;;;;;;l1278;"SRID=4326;LINESTRING(10.1878290378895 49.9812166954503,9.44691873439718 49.5902629413636)"
;;;;;;;;;;;l1279;"SRID=4326;LINESTRING(9.15135403252636 49.1433834351561,9.20736452076848 49.176638012732)"
;;;;;;;;;;;l1280;"SRID=4326;LINESTRING(9.15135403252636 49.1433834351561,9.69465642193277 49.232592562812)"
;;;;;;;;;;;l1281;"SRID=4326;LINESTRING(10.1174867467825 48.8971053680956,9.69465642193277 49.232592562812)"
;;;;;;;;;;;l1282;"SRID=4326;LINESTRING(10.1878290378895 49.9812166954503,9.69465642193277 49.232592562812)"
;;;;;;;;;;;l1283;"SRID=4326;LINESTRING(9.15135403252636 49.1433834351561,9.04543499281662 48.9029620391364)"
;;;;;;;;;;;l1284;"SRID=4326;LINESTRING(12.3374245625186 51.1969579483496,12.518222136544 51.157072596162)"
;;;;;;;;;;;l1285;"SRID=4326;LINESTRING(12.518222136544 51.157072596162,13.3823234132251 51.3559961800368)"
;;;;;;;;;;;l1286;"SRID=4326;LINESTRING(12.3374245625186 51.1969579483496,11.1228546271538 50.9989090757631)"
;;;;;;;;;;;l1287;"SRID=4326;LINESTRING(11.3704263094168 48.2914922548393,10.8675659384379 48.5394691326321)"
;;;;;;;;;;;l1288;"SRID=4326;LINESTRING(10.8408696020982 48.2380310170111,10.9367289569552 48.401306480313)"
;;;;;;;;;;;l1289;"SRID=4326;LINESTRING(10.8675659384379 48.5394691326321,10.8408696020982 48.2380310170111)"
;;;;;;;;;;;l1290;"SRID=4326;LINESTRING(10.3633843211809 47.7383368357565,10.8739358089409 47.2444239523258)"
;;;;;;;;;;;l1291;"SRID=4326;LINESTRING(10.3633843211809 47.7383368357565,10.8739358089409 47.2444239523258)"
;;;;;;;;;;;l1292;"SRID=4326;LINESTRING(10.8675659384379 48.5394691326321,10.8637616674018 48.5468231412265)"
;;;;;;;;;;;l1293;"SRID=4326;LINESTRING(10.8675659384379 48.5394691326321,10.9367289569552 48.401306480313)"
;;;;;;;;;;;l1294;"SRID=4326;LINESTRING(9.42551240461559 48.06435084547,9.19675654948238 48.9129634543149)"
;;;;;;;;;;;l1295;"SRID=4326;LINESTRING(9.42551240461559 48.06435084547,9.19078746567264 48.9144168850357)"
;;;;;;;;;;;l1296;"SRID=4326;LINESTRING(9.70421892134793 48.4649756550866,9.88551515679306 48.3040743800139)"
;;;;;;;;;;;l1297;"SRID=4326;LINESTRING(9.40058897366435 48.6669524232075,9.70421892134793 48.4649756550866)"
;;;;;;;;;;;l1298;"SRID=4326;LINESTRING(7.47224785884145 47.6466324195086,7.7525434408724 47.5391133569052)"
;;;;;;;;;;;l1299;"SRID=4326;LINESTRING(7.95807590404246 47.595477987414,8.31334018942867 49.0090434774209)"
;;;;;;;;;;;l1300;"SRID=4326;LINESTRING(7.57243737559791 48.0188750160839,7.75186259053916 48.0964057598548)"
;;;;;;;;;;;l1301;"SRID=4326;LINESTRING(12.8139099558581 50.8579185289825,12.4772465439526 50.753120094381)"
;;;;;;;;;;;l1302;"SRID=4326;LINESTRING(12.8139099558581 50.8579185289825,13.3264050703954 50.3463722141376)"
;;;;;;;;;;;l1303;"SRID=4326;LINESTRING(14.9464971571741 51.0625863042971,14.2192283642215 51.1207080075153)"
;;;;;;;;;;;l1304;"SRID=4326;LINESTRING(14.9464971571741 51.0625863042971,15.1149656392042 51.0905747712724)"
;;;;;;;;;;;l1305;"SRID=4326;LINESTRING(14.9464971571741 51.0625863042971,15.1149656392042 51.0905747712724)"
;;;;;;;;;;;l1306;"SRID=4326;LINESTRING(12.8139099558581 50.8579185289825,13.8412681302394 50.9901759706559)"
;;;;;;;;;;;l1307;"SRID=4326;LINESTRING(13.8412681302394 50.9901759706559,13.255555029778 50.9301782754208)"
;;;;;;;;;;;l1308;"SRID=4326;LINESTRING(12.8139099558581 50.8579185289825,13.255555029778 50.9301782754208)"
;;;;;;;;;;;l1309;"SRID=4326;LINESTRING(10.8431178304875 49.3786927451193,11.5813705373931 48.7648940914575)"
;;;;;;;;;;;l1310;"SRID=4326;LINESTRING(13.0818771402069 48.2565212678656,13.0027821493857 48.2619682848282)"
;;;;;;;;;;;l1311;"SRID=4326;LINESTRING(12.2208353829454 48.585732999856,13.0818771402069 48.2565212678656)"
;;;;;;;;;;;l1312;"SRID=4326;LINESTRING(12.2208353829454 48.585732999856,13.0027821493857 48.2619682848282)"
;;;;;;;;;;;l1313;"SRID=4326;LINESTRING(13.0818771402069 48.2565212678656,12.7474625154349 48.1487453495297)"
;;;;;;;;;;;l1314;"SRID=4326;LINESTRING(13.1034346835086 48.6667929839894,12.7474625154349 48.1487453495297)"
;;;;;;;;;;;l1315;"SRID=4326;LINESTRING(13.1034346835086 48.6667929839894,13.0818771402069 48.2565212678656)"
;;;;;;;;;;;l1316;"SRID=4326;LINESTRING(9.27063393311954 55.0370264929238,9.19699688149761 54.8510976310855)"
;;;;;;;;;;;l1317;"SRID=4326;LINESTRING(11.1937143678616 50.162202113478,11.6463786860412 50.5348769896165)"
;;;;;;;;;;;l1318;"SRID=4326;LINESTRING(10.8360157761226 49.9280674466811,10.1878290378895 49.9812166954503)"
;;;;;;;;;;;l1319;"SRID=4326;LINESTRING(11.1937143678616 50.162202113478,10.6642589717763 49.9799858916058)"
;;;;;;;;;;;l1320;"SRID=4326;LINESTRING(11.1937143678616 50.162202113478,10.8360157761226 49.9280674466811)"
;;;;;;;;;;;l1321;"SRID=4326;LINESTRING(11.1937143678616 50.162202113478,11.8107025878306 50.1837655408821)"
;;;;;;;;;;;l1322;"SRID=4326;LINESTRING(12.1147699347953 49.6311522364994,11.8107025878306 50.1837655408821)"
;;;;;;;;;;;l1323;"SRID=4326;LINESTRING(13.1034346835086 48.6667929839894,12.2968838072508 48.6069099365163)"
;;;;;;;;;;;l1324;"SRID=4326;LINESTRING(12.082254511457 49.2974477819197,12.1147699347953 49.6311522364994)"
;;;;;;;;;;;l1325;"SRID=4326;LINESTRING(13.1034346835086 48.6667929839894,12.082254511457 49.2974477819197)"
;;;;;;;;;;;l1326;"SRID=4326;LINESTRING(8.77244299222179 49.9746686767501,8.38855643052221 49.9823050863709)"
;;;;;;;;;;;l1327;"SRID=4326;LINESTRING(8.77244299222179 49.9746686767501,8.95368125793136 49.5674432054231)"
;;;;;;;;;;;l1328;"SRID=4326;LINESTRING(14.9464971571741 51.0625863042971,14.2192283642215 51.1207080075153)"
;;;;;;;;;;;l1329;"SRID=4326;LINESTRING(13.8412681302394 50.9901759706559,14.2192283642215 51.1207080075153)"
;;;;;;;;;;;l1330;"SRID=4326;LINESTRING(12.2488239333733 51.197882455184,12.518222136544 51.157072596162)"
;;;;;;;;;;;l1331;"SRID=4326;LINESTRING(12.2488239333733 51.197882455184,10.7346694131288 51.4401867876631)"
;;;;;;;;;;;l1332;"SRID=4326;LINESTRING(12.518222136544 51.157072596162,10.7346694131288 51.4401867876631)"
;;;;;;;;;;;l1333;"SRID=4326;LINESTRING(11.0049169401521 50.5074149865379,10.9910146509867 50.5735270149254)"
;;;;;;;;;;;l1334;"SRID=4326;LINESTRING(12.8139099558581 50.8579185289825,13.0025899280761 50.8659127554399)"
;;;;;;;;;;;l1335;"SRID=4326;LINESTRING(12.0449825821974 50.7812567747087,12.2428369607183 50.5674531847227)"
;;;;;;;;;;;l1336;"SRID=4326;LINESTRING(11.1228546271538 50.9989090757631,10.7346694131288 51.4401867876631)"
;;;;;;;;;;;l1337;"SRID=4326;LINESTRING(11.1228546271538 50.9989090757631,10.7346694131288 51.4401867876631)"
;;;;;;;;;;;l1338;"SRID=4326;LINESTRING(11.8942662085419 51.4057031779769,11.1228546271538 50.9989090757631)"
;;;;;;;;;;;l1339;"SRID=4326;LINESTRING(11.8942662085419 51.4057031779769,11.1228546271538 50.9989090757631)"
;;;;;;;;;;;l1340;"SRID=4326;LINESTRING(13.2490284051015 52.5316239158784,13.3155159230367 52.521999382843)"
;;;;;;;;;;;l1341;"SRID=4326;LINESTRING(13.3686540366335 52.5031475699387,13.4564307414427 52.521451771614)"
;;;;;;;;;;;l1342;"SRID=4326;LINESTRING(13.5241987812625 52.5356343208068,13.4564307414427 52.521451771614)"
;;;;;;;;;;;l1343;"SRID=4326;LINESTRING(13.3686540366335 52.5031475699387,13.3155159230367 52.521999382843)"
;;;;;;;;;;;l1344;"SRID=4326;LINESTRING(13.2115276810432 52.5806278358522,13.2490284051015 52.5316239158784)"
;;;;;;;;;;;l1345;"SRID=4326;LINESTRING(11.7924138767477 48.8382240603814,12.2208353829454 48.585732999856)"
;;;;;;;;;;;l1346;"SRID=4326;LINESTRING(11.7924138767477 48.8382240603814,11.3269542156337 49.3934813535393)"
;;;;;;;;;;;l1347;"SRID=4326;LINESTRING(12.082254511457 49.2974477819197,11.3269542156337 49.3934813535393)"
;;;;;;;;;;;l1348;"SRID=4326;LINESTRING(11.7924138767477 48.8382240603814,11.5077306291349 48.7611239826781)"
;;;;;;;;;;;l1349;"SRID=4326;LINESTRING(12.082254511457 49.2974477819197,11.8107025878306 50.1837655408821)"
;;;;;;;;;;;l1350;"SRID=4326;LINESTRING(11.8132329291411 48.2212664672329,11.8076056990284 48.4554268046327)"
;;;;;;;;;;;l1351;"SRID=4326;LINESTRING(11.8076056990284 48.4554268046327,11.5813705373931 48.7648940914575)"
;;;;;;;;;;;l1352;"SRID=4326;LINESTRING(11.868156362746 48.206802931481,11.5813705373931 48.7648940914575)"
;;;;;;;;;;;l1353;"SRID=4326;LINESTRING(11.6393121226285 48.1787834513521,11.868156362746 48.206802931481)"
;;;;;;;;;;;l1354;"SRID=4326;LINESTRING(11.6393121226285 48.1787834513521,11.868156362746 48.206802931481)"
;;;;;;;;;;;l1355;"SRID=4326;LINESTRING(11.868156362746 48.206802931481,12.2968838072508 48.6069099365163)"
;;;;;;;;;;;l1356;"SRID=4326;LINESTRING(10.0837513310281 48.268867503254,10.0821573814608 48.2660901922742)"
;;;;;;;;;;;l1357;"SRID=4326;LINESTRING(10.8408696020982 48.2380310170111,10.0837513310281 48.268867503254)"
;;;;;;;;;;;l1358;"SRID=4326;LINESTRING(8.25192553682682 47.6397698245713,7.75186259053916 48.0964057598548)"
;;;;;;;;;;;l1359;"SRID=4326;LINESTRING(7.75186259053916 48.0964057598548,7.91072937298184 48.501288357463)"
;;;;;;;;;;;l1360;"SRID=4326;LINESTRING(6.17791450795649 49.9530651407752,6.4747398132316 49.9224693104147)"
;;;;;;;;;;;l1361;"SRID=4326;LINESTRING(6.21102035001899 49.958625762817,6.17791450795649 49.9530651407752)"
;;;;;;;;;;;l1362;"SRID=4326;LINESTRING(6.11451707744375 49.9053646883447,6.21102035001899 49.958625762817)"
;;;;;;;;;;;l1363;"SRID=4326;LINESTRING(6.21102035001899 49.958625762817,6.08346046717716 49.7764406544559)"
;;;;;;;;;;;l1364;"SRID=4326;LINESTRING(6.27694180505096 49.1977400931517,6.77320788478575 49.2910742282334)"
;;;;;;;;;;;l1365;"SRID=4326;LINESTRING(6.77320788478575 49.2910742282334,6.70365123666852 49.1385106493524)"
;;;;;;;;;;;l1366;"SRID=4326;LINESTRING(8.25192553682682 47.6397698245713,8.04936553586669 47.5508771216161)"
;;;;;;;;;;;l1367;"SRID=4326;LINESTRING(7.52228012599778 51.5321980611413,7.50006180009675 51.5351741198659)"
;;;;;;;;;;;l1368;"SRID=4326;LINESTRING(6.96568445966487 51.0693295406357,6.97593259448086 51.0376007513607)"
;;;;;;;;;;;l1369;"SRID=4326;LINESTRING(13.2428490525397 52.534954010528,13.2490284051015 52.5316239158784)"
;;;;;;;;;;;l1370;"SRID=4326;LINESTRING(9.04543499281662 48.9029620391364,8.56218199023421 49.1329499430444)"
;;;;;;;;;;;l1371;"SRID=4326;LINESTRING(8.4384675602346 49.2524597535318,8.62320969485988 49.356582256425)"
;;;;;;;;;;;l1372;"SRID=4326;LINESTRING(8.44131550430227 49.2514026918789,8.56218199023421 49.1329499430444)"
;;;;;;;;;;;l1373;"SRID=4326;LINESTRING(7.95807590404246 47.595477987414,7.94281005788411 47.6530213753111)"
;;;;;;;;;;;l1374;"SRID=4326;LINESTRING(7.95807590404246 47.595477987414,7.94281005788411 47.6530213753111)"
;;;;;;;;;;;l1375;"SRID=4326;LINESTRING(9.50178971212981 53.5428143880013,9.06879107734103 53.5666414353503)"
;;;;;;;;;;;l1376;"SRID=4326;LINESTRING(8.51888183670623 53.2026352879915,9.06879107734103 53.5666414353503)"
;;;;;;;;;;;l1377;"SRID=4326;LINESTRING(6.75552343093251 49.3648696290977,6.74137616899692 49.3574919769119)"
;;;;;;;;;;;l1378;"SRID=4326;LINESTRING(6.75552343093251 49.3648696290977,6.74970012443072 49.3651763762001)"
;;;;;;;;;;;l1379;"SRID=4326;LINESTRING(6.75552343093251 49.3648696290977,6.76601568493305 49.3600771974691)"
;;;;;;;;;;;l1380;"SRID=4326;LINESTRING(6.99647662277982 49.3754093214106,6.77320788478575 49.2910742282334)"
;;;;;;;;;;;l1381;"SRID=4326;LINESTRING(6.21102035001899 49.958625762817,6.4747398132316 49.9224693104147)"
;;;;;;;;;;;l1382;"SRID=4326;LINESTRING(6.21102035001899 49.958625762817,6.17791450795649 49.9530651407752)"
;;;;;;;;;;;l1383;"SRID=4326;LINESTRING(11.1937143678616 50.162202113478,11.6463786860412 50.5348769896165)"
;;;;;;;;;;;l1384;"SRID=4326;LINESTRING(12.082254511457 49.2974477819197,12.1504016727645 49.0127518366844)"
;;;;;;;;;;;l1385;"SRID=4326;LINESTRING(7.60711615834737 51.8986046345034,7.59135990137681 51.9284416773768)"
;;;;;;;;;;;l1386;"SRID=4326;LINESTRING(8.44554253599103 48.9860882032815,8.45163254550249 49.0073972031011)"
;;;;;;;;;;;l1387;"SRID=4326;LINESTRING(8.9396926172441 52.4030332405173,8.99620820363651 52.3795880192563)"
;;;;;;;;;;;l1388;"SRID=4326;LINESTRING(9.56282339901178 48.7014898485108,9.3709192851844 48.7191279915177)"
;;;;;;;;;;;l1389;"SRID=4326;LINESTRING(9.3709192851844 48.7191279915177,9.37760581754005 48.8126068944115)"
;;;;;;;;;;;l1390;"SRID=4326;LINESTRING(9.40058897366435 48.6669524232075,9.37760581754005 48.8126068944115)"
;;;;;;;;;;;l1391;"SRID=4326;LINESTRING(9.82158388744515 52.4248552966861,10.0876468394791 52.3151305685128)"
;;;;;;;;;;;l1392;"SRID=4326;LINESTRING(9.15135403252636 49.1433834351561,9.07622547939074 49.3633869809985)"
;;;;;;;;;;;l1393;"SRID=4326;LINESTRING(10.1603033138907 49.9891567446732,10.1878290378895 49.9812166954503)"
;;;;;;;;;;;l1394;"SRID=4326;LINESTRING(10.1603033138907 49.9891567446732,10.1964916419935 50.0279724289148)"
;;;;;;;;;;;l1395;"SRID=4326;LINESTRING(10.8431178304875 49.3786927451193,10.1603033138907 49.9891567446732)"
;;;;;;;;;;;l1396;"SRID=4326;LINESTRING(8.95870858956225 50.0826078209328,9.09051758008411 49.970041398809)"
;;;;;;;;;;;l1397;"SRID=4326;LINESTRING(8.95870858956225 50.0826078209328,10.1878290378895 49.9812166954503)"
;;;;;;;;;;;l1398;"SRID=4326;LINESTRING(9.09051758008411 49.970041398809,10.1878290378895 49.9812166954503)"
;;;;;;;;;;;l1399;"SRID=4326;LINESTRING(10.1603033138907 49.9891567446732,10.1878290378895 49.9812166954503)"
;;;;;;;;;;;l1400;"SRID=4326;LINESTRING(10.1603033138907 49.9891567446732,10.1878290378895 49.9812166954503)"
;;;;;;;;;;;l1401;"SRID=4326;LINESTRING(7.79256713751168 49.8105487905969,7.72920204621049 49.4826474377754)"
;;;;;;;;;;;l1402;"SRID=4326;LINESTRING(8.6593729546501 51.9996101360209,8.70221847039735 51.7363525890089)"
;;;;;;;;;;;l1403;"SRID=4326;LINESTRING(8.6593729546501 51.9996101360209,8.81399422708791 51.9834366629029)"
;;;;;;;;;;;l1404;"SRID=4326;LINESTRING(8.9322184779311 52.1933124598334,8.81399422708791 51.9834366629029)"
;;;;;;;;;;;l1405;"SRID=4326;LINESTRING(8.6593729546501 51.9996101360209,8.9322184779311 52.1933124598334)"
;;;;;;;;;;;l1406;"SRID=4326;LINESTRING(8.95904416676652 52.2784949940029,8.9322184779311 52.1933124598334)"
;;;;;;;;;;;l1407;"SRID=4326;LINESTRING(9.59430167337064 49.7984427353847,9.09051758008411 49.970041398809)"
;;;;;;;;;;;l1408;"SRID=4326;LINESTRING(11.1937143678616 50.162202113478,10.9729039325696 49.5585074124969)"
;;;;;;;;;;;l1409;"SRID=4326;LINESTRING(10.8431178304875 49.3786927451193,11.106734232098 49.9790817250407)"
;;;;;;;;;;;l1410;"SRID=4326;LINESTRING(10.8431178304875 49.3786927451193,10.9729039325696 49.5585074124969)"
;;;;;;;;;;;l1411;"SRID=4326;LINESTRING(8.95464418290241 50.0860157590432,9.09051758008411 49.970041398809)"
;;;;;;;;;;;l1412;"SRID=4326;LINESTRING(10.8431178304875 49.3786927451193,9.59430167337064 49.7984427353847)"
;;;;;;;;;;;l1413;"SRID=4326;LINESTRING(7.17937918293452 51.4722019618656,7.17590444499639 51.4755782661564)"
;;;;;;;;;;;l1414;"SRID=4326;LINESTRING(10.7610404155909 52.3677293936344,10.9993330683763 52.2001420103124)"
;;;;;;;;;;;l1415;"SRID=4326;LINESTRING(10.9993330683763 52.2001420103124,10.9772332757472 52.1694333350195)"
;;;;;;;;;;;l1416;"SRID=4326;LINESTRING(11.6389126099956 52.2687358982154,10.9993330683763 52.2001420103124)"
;;;;;;;;;;;l1417;"SRID=4326;LINESTRING(11.6389126099956 52.2687358982154,10.9993330683763 52.2001420103124)"
;;;;;;;;;;;l1418;"SRID=4326;LINESTRING(10.2316415853389 48.5297622821597,9.88551515679306 48.3040743800139)"
;;;;;;;;;;;l1419;"SRID=4326;LINESTRING(10.2224358208891 48.7367219779685,10.1174867467825 48.8971053680956)"
;;;;;;;;;;;l1420;"SRID=4326;LINESTRING(9.80131720045512 47.6525043492184,9.64533508631729 47.744596124126)"
;;;;;;;;;;;l1421;"SRID=4326;LINESTRING(10.4015869070369 48.509929747715,10.3917760727113 48.51846091102)"
;;;;;;;;;;;l1422;"SRID=4326;LINESTRING(8.80962335538861 50.2034747936076,8.61862776799214 50.0922498216736)"
;;;;;;;;;;;l1423;"SRID=4326;LINESTRING(8.80962335538861 50.2034747936076,8.95870858956225 50.0826078209328)"
;;;;;;;;;;;l1424;"SRID=4326;LINESTRING(9.34476101692227 53.9218370813918,9.72592506135105 54.2877858945732)"
;;;;;;;;;;;l1425;"SRID=4326;LINESTRING(14.4281805295455 51.888864175856,13.9024347133056 51.874723530085)"
;;;;;;;;;;;l1426;"SRID=4326;LINESTRING(14.4281805295455 51.888864175856,13.9024347133056 51.874723530085)"
;;;;;;;;;;;l1427;"SRID=4326;LINESTRING(13.3823234132251 51.3559961800368,14.5081092115389 51.4137104048148)"
;;;;;;;;;;;l1428;"SRID=4326;LINESTRING(13.3823234132251 51.3559961800368,14.5081092115389 51.4137104048148)"
;;;;;;;;;;;l1429;"SRID=4326;LINESTRING(14.4281805295455 51.888864175856,13.3823234132251 51.3559961800368)"
;;;;;;;;;;;l1430;"SRID=4326;LINESTRING(14.4281805295455 51.888864175856,13.3823234132251 51.3559961800368)"
;;;;;;;;;;;l1431;"SRID=4326;LINESTRING(9.09711497138979 48.8277733233867,9.04543499281662 48.9029620391364)"
;;;;;;;;;;;l1432;"SRID=4326;LINESTRING(8.6593729546501 51.9996101360209,8.9322184779311 52.1933124598334)"
;;;;;;;;;;;l1433;"SRID=4326;LINESTRING(8.6593729546501 51.9996101360209,8.62886498196432 51.9936340947976)"
;;;;;;;;;;;l1434;"SRID=4326;LINESTRING(8.62886498196432 51.9936340947976,8.9322184779311 52.1933124598334)"
;;;;;;;;;;;l1435;"SRID=4326;LINESTRING(10.0604081360095 54.3487708354365,9.72699275106814 54.2914209859116)"
;;;;;;;;;;;l1436;"SRID=4326;LINESTRING(10.1562825155965 54.2755482828972,10.0604081360095 54.3487708354365)"
;;;;;;;;;;;l1437;"SRID=4326;LINESTRING(9.20210266340539 53.8951623622383,9.44963659025525 53.9672865006218)"
;;;;;;;;;;;l1438;"SRID=4326;LINESTRING(6.99647662277982 49.3754093214106,6.70228544511704 49.8289944400988)"
;;;;;;;;;;;l1439;"SRID=4326;LINESTRING(8.04936553586669 47.5508771216161,7.95807590404246 47.595477987414)"
;;;;;;;;;;;l1440;"SRID=4326;LINESTRING(8.04936553586669 47.5508771216161,7.95807590404246 47.595477987414)"
;;;;;;;;;;;l1441;"SRID=4326;LINESTRING(8.25885999852837 47.634211656147,8.04936553586669 47.5508771216161)"
;;;;;;;;;;;l1442;"SRID=4326;LINESTRING(8.25885999852837 47.634211656147,8.23211264237636 47.5560892850149)"
;;;;;;;;;;;l1443;"SRID=4326;LINESTRING(8.25885999852837 47.634211656147,8.23211264237636 47.5560892850149)"
;;;;;;;;;;;l1444;"SRID=4326;LINESTRING(7.95807590404246 47.595477987414,7.7525434408724 47.5391133569052)"
;;;;;;;;;;;l1445;"SRID=4326;LINESTRING(8.61664770595698 48.0659538545522,8.04936553586669 47.5508771216161)"
;;;;;;;;;;;l1446;"SRID=4326;LINESTRING(9.01340237137239 47.84534861265,8.8615258022405 47.8064353563593)"
;;;;;;;;;;;l1447;"SRID=4326;LINESTRING(8.25192553682682 47.6397698245713,8.8615258022405 47.8064353563593)"
;;;;;;;;;;;l1448;"SRID=4326;LINESTRING(13.1456729795316 55.5016026150068,10.802357996432 53.897547454034)"
;;;;;;;;;;;l1449;"SRID=4326;LINESTRING(8.25192553682682 47.6397698245713,8.25885999852837 47.634211656147)"
;;;;;;;;;;;l1450;"SRID=4326;LINESTRING(9.19078746567264 48.9144168850357,9.04543499281662 48.9029620391364)"
;;;;;;;;;;;l1451;"SRID=4326;LINESTRING(9.21565020993259 48.8523053561223,9.04543499281662 48.9029620391364)"
;;;;;;;;;;;l1452;"SRID=4326;LINESTRING(10.4012810931809 48.5146095739848,10.3917760727113 48.51846091102)"
;;;;;;;;;;;l1453;"SRID=4326;LINESTRING(8.6593729546501 51.9996101360209,8.7375726951153 51.7001693121241)"
;;;;;;;;;;;l1454;"SRID=4326;LINESTRING(9.98853665499904 53.7662776782512,10.6414677999401 53.9191626781128)"
;;;;;;;;;;;l1455;"SRID=4326;LINESTRING(10.8431178304875 49.3786927451193,11.3269542156337 49.3934813535393)"
;;;;;;;;;;;l1456;"SRID=4326;LINESTRING(9.15135403252636 49.1433834351561,10.1174867467825 48.8971053680956)"
;;;;;;;;;;;l1457;"SRID=4326;LINESTRING(9.21565020993259 48.8523053561223,9.40058897366435 48.6669524232075)"
;;;;;;;;;;;l1458;"SRID=4326;LINESTRING(8.67371735734288 49.2904393997661,8.62320969485988 49.356582256425)"
;;;;;;;;;;;l1459;"SRID=4326;LINESTRING(9.19078746567264 48.9144168850357,9.04543499281662 48.9029620391364)"
;;;;;;;;;;;l1460;"SRID=4326;LINESTRING(10.8431178304875 49.3786927451193,11.3269542156337 49.3934813535393)"
;;;;;;;;;;;l1461;"SRID=4326;LINESTRING(9.52960514781347 53.618990731832,9.48789511822337 53.6365577774589)"
;;;;;;;;;;;l1462;"SRID=4326;LINESTRING(9.50178971212981 53.5428143880013,9.52960514781347 53.618990731832)"
;;;;;;;;;;;l1463;"SRID=4326;LINESTRING(9.52960514781347 53.618990731832,9.49151084954643 53.658098307544)"
;;;;;;;;;;;l1464;"SRID=4326;LINESTRING(9.49151084954643 53.658098307544,9.48789511822337 53.6365577774589)"
;;;;;;;;;;;l1465;"SRID=4326;LINESTRING(8.04936553586669 47.5508771216161,7.7525434408724 47.5391133569052)"
;;;;;;;;;;;l1466;"SRID=4326;LINESTRING(7.47224785884145 47.6466324195086,8.04936553586669 47.5508771216161)"
;;;;;;;;;;;l1467;"SRID=4326;LINESTRING(13.0818771402069 48.2565212678656,13.4428542096901 48.4345464156274)"
;;;;;;;;;;;l1468;"SRID=4326;LINESTRING(13.0818771402069 48.2565212678656,13.4428542096901 48.4345464156274)"
;;;;;;;;;;;l1469;"SRID=4326;LINESTRING(13.7106901435785 48.5193051781923,13.4428542096901 48.4345464156274)"
;;;;;;;;;;;l1470;"SRID=4326;LINESTRING(13.7106901435785 48.5193051781923,13.4428542096901 48.4345464156274)"
;;;;;;;;;;;l1471;"SRID=4326;LINESTRING(9.91814868737007 52.3799963378317,10.0876468394791 52.3151305685128)"
;;;;;;;;;;;l1472;"SRID=4326;LINESTRING(7.31136230953603 53.1257665914164,6.02502881768955 54.3540286881643)"
;;;;;;;;;;;l1473;"SRID=4326;LINESTRING(7.31136230953603 53.1257665914164,6.02503294993986 54.3549329994864)"
;;;;;;;;;;;l1474;"SRID=4326;LINESTRING(9.42551240461559 48.06435084547,8.25885999852837 47.634211656147)"
;;;;;;;;;;;l1475;"SRID=4326;LINESTRING(9.42551240461559 48.06435084547,8.25885999852837 47.634211656147)"
;;;;;;;;;;;l1476;"SRID=4326;LINESTRING(9.72699275106814 54.2914209859116,9.31819528207498 54.7160494380133)"
;;;;;;;;;;;l1477;"SRID=4326;LINESTRING(8.35233395252327 49.4212743450173,8.50180857459037 49.4449115329164)"
;;;;;;;;;;;l1478;"SRID=4326;LINESTRING(9.09183530449903 49.2946188998807,8.62320969485988 49.356582256425)"
;;;;;;;;;;;l1479;"SRID=4326;LINESTRING(9.09183530449903 49.2946188998807,9.44691873439718 49.5902629413636)"
;;;;;;;;;;;l1480;"SRID=4326;LINESTRING(8.66378320316657 49.3600874127032,8.62320969485988 49.356582256425)"
;;;;;;;;;;;l1481;"SRID=4326;LINESTRING(9.56710206574622 51.325257359953,9.38765132401603 51.6407335383064)"
;;;;;;;;;;;l1482;"SRID=4326;LINESTRING(7.95807590404246 47.595477987414,7.95921954402561 47.5783599815231)"
;;;;;;;;;;;l1483;"SRID=4326;LINESTRING(8.34912613148193 49.0130521548118,8.31334018942867 49.0090434774209)"
;;;;;;;;;;;l1484;"SRID=4326;LINESTRING(8.6593729546501 51.9996101360209,8.36422958832611 51.9271205112378)"
;;;;;;;;;;;l1485;"SRID=4326;LINESTRING(10.369230142447 52.1670924591566,10.4203896078253 52.1652004518716)"
;;;;;;;;;;;l1486;"SRID=4326;LINESTRING(10.369230142447 52.1670924591566,10.3884722351089 52.1513649609601)"
;;;;;;;;;;;l1487;"SRID=4326;LINESTRING(12.8139099558581 50.8579185289825,13.0025899280761 50.8659127554399)"
;;;;;;;;;;;l1488;"SRID=4326;LINESTRING(9.25103429423424 53.1144323213021,8.82002488536158 53.1073883123751)"
;;;;;;;;;;;l1489;"SRID=4326;LINESTRING(12.8139099558581 50.8579185289825,12.4772465439526 50.753120094381)"
;;;;;;;;;;;l1490;"SRID=4326;LINESTRING(8.31334018942867 49.0090434774209,7.75349549403634 48.0993557332288)"
;;;;;;;;;;;l1491;"SRID=4326;LINESTRING(6.75552343093251 49.3648696290977,6.74970012443072 49.3651763762001)"
;;;;;;;;;;;l1492;"SRID=4326;LINESTRING(6.75552343093251 49.3648696290977,6.76601568493305 49.3600771974691)"
;;;;;;;;;;;l1493;"SRID=4326;LINESTRING(8.31334018942867 49.0090434774209,8.30626269672421 49.0128258799272)"
;;;;;;;;;;;l1494;"SRID=4326;LINESTRING(12.8139099558581 50.8579185289825,13.3264050703954 50.3463722141376)"
;;;;;;;;;;;l1495;"SRID=4326;LINESTRING(8.47470705828713 53.4286512121137,8.47791063608626 53.428485495717)"
;;;;;;;;;;;l1496;"SRID=4326;LINESTRING(8.47470705828713 53.4286512121137,8.47791063608626 53.428485495717)"
;;;;;;;;;;;l1497;"SRID=4326;LINESTRING(8.05408740677995 53.332302708936,8.05283756803222 53.3338809660191)"
;;;;;;;;;;;l1498;"SRID=4326;LINESTRING(8.05408740677995 53.332302708936,8.05283756803222 53.3338809660191)"
;;;;;;;;;;;l1499;"SRID=4326;LINESTRING(10.7610404155909 52.3677293936344,10.9993330683763 52.2001420103124)"
;;;;;;;;;;;l1500;"SRID=4326;LINESTRING(9.72699275106814 54.2914209859116,9.31819528207498 54.7160494380133)"
;;;;;;;;;;;l1501;"SRID=4326;LINESTRING(11.3704263094168 48.2914922548393,11.8132329291411 48.2212664672329)"
;;;;;;;;;;;l1502;"SRID=4326;LINESTRING(10.4149924241538 53.4126068813272,10.1575057595216 53.5551266364644)"
;;;;;;;;;;;l1503;"SRID=4326;LINESTRING(8.31334018942867 49.0090434774209,8.44131550430227 49.2514026918789)"
;;;;;;;;;;;l1504;"SRID=4326;LINESTRING(11.3704263094168 48.2914922548393,11.4407746571386 48.1718035686213)"
;;;;;;;;;;;l1505;"SRID=4326;LINESTRING(7.95807590404246 47.595477987414,7.95921954402561 47.5783599815231)"
;;;;;;;;;;;l1506;"SRID=4326;LINESTRING(7.95807590404246 47.595477987414,7.95921954402561 47.5783599815231)"
;;;;;;;;;;;l1507;"SRID=4326;LINESTRING(7.95807590404246 47.595477987414,7.95921954402561 47.5783599815231)"
;;;;;;;;;;;l1508;"SRID=4326;LINESTRING(9.34476101692227 53.9218370813918,9.20210266340539 53.8951623622383)"
;;;;;;;;;;;l1509;"SRID=4326;LINESTRING(9.77654483603303 53.6906352940911,9.52960514781347 53.618990731832)"
;;;;;;;;;;;l1510;"SRID=4326;LINESTRING(7.97775309227087 47.3672238510066,8.04936553586669 47.5508771216161)"
;;;;;;;;;;;l1511;"SRID=4326;LINESTRING(9.50178971212981 53.5428143880013,9.25103429423424 53.1144323213021)"
;;;;;;;;;;;l1512;"SRID=4326;LINESTRING(9.50178971212981 53.5428143880013,9.25103429423424 53.1144323213021)"
;;;;;;;;;;;l1513;"SRID=4326;LINESTRING(12.3374245625186 51.1969579483496,11.1228546271538 50.9989090757631)"
;;;;;;;;;;;l1514;"SRID=4326;LINESTRING(13.2115276810432 52.5806278358522,13.2490284051015 52.5316239158784)"
;;;;;;;;;;;l1515;"SRID=4326;LINESTRING(8.18338852854702 47.5989602180392,8.23211264237636 47.5560892850149)"
;;;;;;;;;;;l1516;"SRID=4326;LINESTRING(8.18338852854702 47.5989602180392,8.04936553586669 47.5508771216161)"
;;;;;;;;;;;l1517;"SRID=4326;LINESTRING(8.18338852854702 47.5989602180392,8.18355961654331 47.601323769444)"
;;;;;;;;;;;l1518;"SRID=4326;LINESTRING(8.04936553586669 47.5508771216161,8.23211264237636 47.5560892850149)"
;;;;;;;;;;;l1519;"SRID=4326;LINESTRING(13.1034346835086 48.6667929839894,12.082254511457 49.2974477819197)"
;;;;;;;;;;;l1520;"SRID=4326;LINESTRING(7.97117863459035 47.5457833450791,7.67266489314443 47.5201252480429)"
;;;;;;;;;;;l1521;"SRID=4326;LINESTRING(8.04936553586669 47.5508771216161,7.97117863459035 47.5457833450791)"
;;;;;;;;;;;l1522;"SRID=4326;LINESTRING(8.04936553586669 47.5508771216161,7.64882434914906 47.0942208251304)"
;;;;;;;;;;;l1523;"SRID=4326;LINESTRING(8.04936553586669 47.5508771216161,7.25880632792152 47.3376495939671)"
;;;;;;;;;;;l1524;"SRID=4326;LINESTRING(8.04936553586669 47.5508771216161,7.79188134171127 47.1549422792263)"
;;;;;;;;;;;l1525;"SRID=4326;LINESTRING(8.04936553586669 47.5508771216161,7.94658892662442 47.3175289476011)"
;;;;;;;;;;;l1526;"SRID=4326;LINESTRING(8.04936553586669 47.5508771216161,7.97327497114949 47.365586324211)"
;;;;;;;;;;;l1527;"SRID=4326;LINESTRING(6.27694180505096 49.1977400931517,6.77320788478575 49.2910742282334)"
;;;;;;;;;;;l1528;"SRID=4326;LINESTRING(9.04741271801621 51.1677872449186,9.05036513764223 51.1673238667951)"
;;;;;;;;;;;l1529;"SRID=4326;LINESTRING(6.45655251893853 50.8713380734833,6.2140153990158 50.943899913974)"
;;;;;;;;;;;l1530;"SRID=4326;LINESTRING(6.21619298912827 50.9123618338628,6.2140153990158 50.943899913974)"
;;;;;;;;;;;l1531;"SRID=4326;LINESTRING(5.91852741859707 51.148426414922,6.2140153990158 50.943899913974)"
;;;;;;;;;;;l1532;"SRID=4326;LINESTRING(10.9662584489437 47.2695305015289,11.2869439219167 47.4928625176028)"
;;;;;;;;;;;l1533;"SRID=4326;LINESTRING(11.277721100358 47.4958727068203,11.2869439219167 47.4928625176028)"
;;;;;;;;;;;l1534;"SRID=4326;LINESTRING(11.2939727766244 48.0520427780619,11.2869439219167 47.4928625176028)"
;;;;;;;;;;;l1535;"SRID=4326;LINESTRING(13.5061280249068 52.4738227039188,13.5053369296479 52.4747789067655)"
;;;;;;;;;;;l1536;"SRID=4326;LINESTRING(13.5241987812625 52.5356343208068,13.5053369296479 52.4747789067655)"
;;;;;;;;;;;l1537;"SRID=4326;LINESTRING(13.3057533352426 52.2307818607751,13.5053369296479 52.4747789067655)"
;;;;;;;;;;;l1538;"SRID=4326;LINESTRING(7.91072937298184 48.501288357463,8.24975045659741 48.8491773731136)"
;;;;;;;;;;;l1539;"SRID=4326;LINESTRING(8.31334018942867 49.0090434774209,8.24975045659741 48.8491773731136)"
;;;;;;;;;;;l1540;"SRID=4326;LINESTRING(8.24872907301797 48.846316555802,8.24975045659741 48.8491773731136)"
;;;;;;;;;;;l1541;"SRID=4326;LINESTRING(9.98853665499904 53.7662776782512,9.45967747872262 53.8646575042439)"
;;;;;;;;;;;l1542;"SRID=4326;LINESTRING(9.44963659025525 53.9672865006218,9.45967747872262 53.8646575042439)"
;;;;;;;;;;;l1543;"SRID=4326;LINESTRING(9.34400181356048 53.8517774981988,9.45967747872262 53.8646575042439)"
;;;;;;;;;;;l1544;"SRID=4326;LINESTRING(11.1228546271538 50.9989090757631,11.4299065773025 50.9114464610955)"
;;;;;;;;;;;l1545;"SRID=4326;LINESTRING(11.4703941444441 50.9303902644171,11.4299065773025 50.9114464610955)"
;;;;;;;;;;;l1546;"SRID=4326;LINESTRING(11.6463786860412 50.5348769896165,11.4299065773025 50.9114464610955)"
;;;;;;;;;;;l1547;"SRID=4326;LINESTRING(7.30824781629083 52.4767901583642,7.25501782522347 53.0267136928067)"
;;;;;;;;;;;l1548;"SRID=4326;LINESTRING(7.25465688214231 53.0266716315927,7.25501782522347 53.0267136928067)"
;;;;;;;;;;;l1549;"SRID=4326;LINESTRING(7.31136230953603 53.1257665914164,7.25501782522347 53.0267136928067)"
;;;;;;;;;;;l1550;"SRID=4326;LINESTRING(7.60711615834737 51.8986046345034,7.37185639416872 52.1977067098446)"
;;;;;;;;;;;l1551;"SRID=4326;LINESTRING(7.88957673752775 52.2773967844269,7.37185639416872 52.1977067098446)"
;;;;;;;;;;;l1552;"SRID=4326;LINESTRING(7.30824781629083 52.4767901583642,7.37185639416872 52.1977067098446)"
;;;;;;;;;;;l1553;"SRID=4326;LINESTRING(14.0336963902155 53.507868594058,13.3984709179978 53.7933318754816)"
;;;;;;;;;;;l1554;"SRID=4326;LINESTRING(13.3998288327093 53.7944478091186,13.3984709179978 53.7933318754816)"
;;;;;;;;;;;l1555;"SRID=4326;LINESTRING(12.1869848529515 53.8157751978716,13.3984709179978 53.7933318754816)"
;;;;;;;;;;;l1556;"SRID=4326;LINESTRING(7.71862724482037 51.5342075253387,7.42474524551043 51.4592583943398)"
;;;;;;;;;;;l1557;"SRID=4326;LINESTRING(7.31318287435069 51.4466114132712,7.42474524551043 51.4592583943398)"
;;;;;;;;;;;l1558;"SRID=4326;LINESTRING(7.35311188155085 51.5758105365035,7.42474524551043 51.4592583943398)"
;;;;;;;;;;;l1559;"SRID=4326;LINESTRING(7.12323886855291 51.5256121997715,7.12336046768833 51.4473443869048)"
;;;;;;;;;;;l1560;"SRID=4326;LINESTRING(7.12557294579876 51.4489772806916,7.12336046768833 51.4473443869048)"
;;;;;;;;;;;l1561;"SRID=4326;LINESTRING(7.00877917051357 51.1742549445955,7.12336046768833 51.4473443869048)"
;;;;;;;;;;;l1562;"SRID=4326;LINESTRING(7.35311188155085 51.5758105365035,7.41658270368128 51.4607824146291)"
;;;;;;;;;;;l1563;"SRID=4326;LINESTRING(7.41670797342798 51.4570521949625,7.41658270368128 51.4607824146291)"
;;;;;;;;;;;l1564;"SRID=4326;LINESTRING(7.31318287435069 51.4466114132712,7.41658270368128 51.4607824146291)"
;;;;;;;;;;;l1565;"SRID=4326;LINESTRING(6.53175004088497 50.3900513143006,6.53303662114797 50.3922427776709)"
;;;;;;;;;;;l1566;"SRID=4326;LINESTRING(6.4747398132316 49.9224693104147,6.53303662114797 50.3922427776709)"
;;;;;;;;;;;l1567;"SRID=4326;LINESTRING(6.45655251893853 50.8713380734833,6.53303662114797 50.3922427776709)"
;;;;;;;;;;;l1568;"SRID=4326;LINESTRING(6.61240236819431 51.0359242961049,6.60879226770999 51.0346787720857)"
;;;;;;;;;;;l1569;"SRID=4326;LINESTRING(6.96568445966487 51.0693295406357,6.60879226770999 51.0346787720857)"
;;;;;;;;;;;l1570;"SRID=4326;LINESTRING(6.80109337218585 51.1225390893163,6.60879226770999 51.0346787720857)"
;;;;;;;;;;;l1571;"SRID=4326;LINESTRING(6.80890626354321 51.2686076250227,6.72033167479422 51.3441235773954)"
;;;;;;;;;;;l1572;"SRID=4326;LINESTRING(6.62284324444971 51.2587133994989,6.72033167479422 51.3441235773954)"
;;;;;;;;;;;l1573;"SRID=4326;LINESTRING(6.61738115554636 51.4757909650564,6.72033167479422 51.3441235773954)"
;;;;;;;;;;;l1574;"SRID=4326;LINESTRING(6.4747398132316 49.9224693104147,6.53303662114797 50.3922427776709)"
;;;;;;;;;;;l1575;"SRID=4326;LINESTRING(6.53175004088497 50.3900513143006,6.53303662114797 50.3922427776709)"
;;;;;;;;;;;l1576;"SRID=4326;LINESTRING(6.45655251893853 50.8713380734833,6.53303662114797 50.3922427776709)"
;;;;;;;;;;;l1577;"SRID=4326;LINESTRING(7.17937918293452 51.4722019618656,7.13937482408986 51.5608313916517)"
;;;;;;;;;;;l1578;"SRID=4326;LINESTRING(7.26408347971959 51.5735734400302,7.13937482408986 51.5608313916517)"
;;;;;;;;;;;l1579;"SRID=4326;LINESTRING(7.06034476225792 51.6964980793073,7.13937482408986 51.5608313916517)"
;;;;;;;;;;;l1580;"SRID=4326;LINESTRING(7.7083185190139 51.6762033258373,7.41946378046051 51.4575100936229)"
;;;;;;;;;;;l1581;"SRID=4326;LINESTRING(7.27894732573719 51.4722814207425,7.41946378046051 51.4575100936229)"
;;;;;;;;;;;l1582;"SRID=4326;LINESTRING(7.41670797342798 51.4570521949625,7.41946378046051 51.4575100936229)"
;;;;;;;;;;;l1583;"SRID=4326;LINESTRING(7.16721463545721 51.3899067765993,7.17920271018964 51.4218244823956)"
;;;;;;;;;;;l1584;"SRID=4326;LINESTRING(7.17937918293452 51.4722019618656,7.17920271018964 51.4218244823956)"
;;;;;;;;;;;l1585;"SRID=4326;LINESTRING(7.19597934376965 51.4115753101187,7.17920271018964 51.4218244823956)"
;;;;;;;;;;;l1586;"SRID=4326;LINESTRING(7.44506932534523 51.6185001200754,7.34371343395865 51.6131049996992)"
;;;;;;;;;;;l1587;"SRID=4326;LINESTRING(7.26408347971959 51.5735734400302,7.34371343395865 51.6131049996992)"
;;;;;;;;;;;l1588;"SRID=4326;LINESTRING(7.3242796091518 51.6213875062827,7.34371343395865 51.6131049996992)"
;;;;;;;;;;;l1589;"SRID=4326;LINESTRING(7.3242796091518 51.6213875062827,7.34371343395865 51.6131049996992)"
;;;;;;;;;;;l1590;"SRID=4326;LINESTRING(7.7083185190139 51.6762033258373,7.34371343395865 51.6131049996992)"
;;;;;;;;;;;l1591;"SRID=4326;LINESTRING(7.26408347971959 51.5735734400302,7.34371343395865 51.6131049996992)"
;;;;;;;;;;;l1592;"SRID=4326;LINESTRING(6.61738115554636 51.4757909650564,6.52272548882226 51.3224954692993)"
;;;;;;;;;;;l1593;"SRID=4326;LINESTRING(6.33000626218352 51.2429166388389,6.52272548882226 51.3224954692993)"
;;;;;;;;;;;l1594;"SRID=4326;LINESTRING(6.54240843928532 51.2994458346854,6.52272548882226 51.3224954692993)"
;;;;;;;;;;;l1595;"SRID=4326;LINESTRING(6.97257748891579 50.795693016675,6.92909269080674 50.8441529722133)"
;;;;;;;;;;;l1596;"SRID=4326;LINESTRING(6.96330548818137 50.8337629358461,6.92909269080674 50.8441529722133)"
;;;;;;;;;;;l1597;"SRID=4326;LINESTRING(6.80461624403732 50.9662477744576,6.92909269080674 50.8441529722133)"
;;;;;;;;;;;l1598;"SRID=4326;LINESTRING(7.04738454562441 50.9055286430507,7.09435799941442 50.8269670893312)"
;;;;;;;;;;;l1599;"SRID=4326;LINESTRING(7.19316581458292 50.7983350844101,7.09435799941442 50.8269670893312)"
;;;;;;;;;;;l1600;"SRID=4326;LINESTRING(7.09582677727405 50.8268716856964,7.09435799941442 50.8269670893312)"
;;;;;;;;;;;l1601;"SRID=4326;LINESTRING(6.68079563463015 51.6462972769253,6.65066750417381 51.5537022721424)"
;;;;;;;;;;;l1602;"SRID=4326;LINESTRING(6.57729059429417 51.5563912150336,6.65066750417381 51.5537022721424)"
;;;;;;;;;;;l1603;"SRID=4326;LINESTRING(6.61738115554636 51.4757909650564,6.65066750417381 51.5537022721424)"
;;;;;;;;;;;l1604;"SRID=4326;LINESTRING(7.99288732000281 51.6837077158762,7.82599052323945 51.7500676098869)"
;;;;;;;;;;;l1605;"SRID=4326;LINESTRING(7.54571775348996 51.9703244532995,7.82599052323945 51.7500676098869)"
;;;;;;;;;;;l1606;"SRID=4326;LINESTRING(7.7083185190139 51.6762033258373,7.82599052323945 51.7500676098869)"
;;;;;;;;;;;l1607;"SRID=4326;LINESTRING(6.96330548818137 50.8337629358461,6.9289790539233 50.8438170036629)"
;;;;;;;;;;;l1608;"SRID=4326;LINESTRING(6.80461624403732 50.9662477744576,6.9289790539233 50.8438170036629)"
;;;;;;;;;;;l1609;"SRID=4326;LINESTRING(6.97257748891579 50.795693016675,6.9289790539233 50.8438170036629)"
;;;;;;;;;;;l1610;"SRID=4326;LINESTRING(7.99395917605221 51.8230954379067,7.83402083305878 51.7550404020937)"
;;;;;;;;;;;l1611;"SRID=4326;LINESTRING(7.99288732000281 51.6837077158762,7.83402083305878 51.7550404020937)"
;;;;;;;;;;;l1612;"SRID=4326;LINESTRING(7.7083185190139 51.6762033258373,7.83402083305878 51.7550404020937)"
;;;;;;;;;;;l1613;"SRID=4326;LINESTRING(9.14517688151449 52.8532464493029,9.13794801567189 52.8470269944345)"
;;;;;;;;;;;l1614;"SRID=4326;LINESTRING(9.25103429423424 53.1144323213021,9.13794801567189 52.8470269944345)"
;;;;;;;;;;;l1615;"SRID=4326;LINESTRING(9.11321011483187 52.5438533448625,9.13794801567189 52.8470269944345)"
;;;;;;;;;;;l1616;"SRID=4326;LINESTRING(8.10495964382999 52.2642614054462,8.33466775124759 52.0705200978987)"
;;;;;;;;;;;l1617;"SRID=4326;LINESTRING(8.31888929686007 52.0660374671048,8.33466775124759 52.0705200978987)"
;;;;;;;;;;;l1618;"SRID=4326;LINESTRING(8.36422958832611 51.9271205112378,8.33466775124759 52.0705200978987)"
;;;;;;;;;;;l1619;"SRID=4326;LINESTRING(7.93077012209125 51.6729710114195,7.98187840842773 51.6766515664854)"
;;;;;;;;;;;l1620;"SRID=4326;LINESTRING(7.99288732000281 51.6837077158762,7.98187840842773 51.6766515664854)"
;;;;;;;;;;;l1621;"SRID=4326;LINESTRING(7.98122158717143 51.6735262789774,7.98187840842773 51.6766515664854)"
;;;;;;;;;;;l1622;"SRID=4326;LINESTRING(9.79733614300556 52.0008392548375,9.8524162497002 51.8987653028483)"
;;;;;;;;;;;l1623;"SRID=4326;LINESTRING(9.92382990036197 51.8975617892672,9.8524162497002 51.8987653028483)"
;;;;;;;;;;;l1624;"SRID=4326;LINESTRING(9.85139361305404 51.6491352561387,9.8524162497002 51.8987653028483)"
;;;;;;;;;;;l1625;"SRID=4326;LINESTRING(9.85139361305404 51.6491352561387,9.8524162497002 51.8987653028483)"
;;;;;;;;;;;l1626;"SRID=4326;LINESTRING(9.92382990036197 51.8975617892672,9.8524162497002 51.8987653028483)"
;;;;;;;;;;;l1627;"SRID=4326;LINESTRING(9.91814868737007 52.3799963378317,9.8524162497002 51.8987653028483)"
;;;;;;;;;;;l1628;"SRID=4326;LINESTRING(10.2358631776837 52.2934595593518,9.41368131072443 52.0274828920508)"
;;;;;;;;;;;l1629;"SRID=4326;LINESTRING(9.38974515063535 52.0263130791669,9.41368131072443 52.0274828920508)"
;;;;;;;;;;;l1630;"SRID=4326;LINESTRING(9.40952036752961 52.0343166956609,9.41368131072443 52.0274828920508)"
;;;;;;;;;;;l1631;"SRID=4326;LINESTRING(10.0876468394791 52.3151305685128,10.3552149923206 52.1758110157759)"
;;;;;;;;;;;l1632;"SRID=4326;LINESTRING(10.4195406715655 52.236960686926,10.3552149923206 52.1758110157759)"
;;;;;;;;;;;l1633;"SRID=4326;LINESTRING(10.369230142447 52.1670924591566,10.3552149923206 52.1758110157759)"
;;;;;;;;;;;l1634;"SRID=4326;LINESTRING(8.65666357652504 50.6057345116662,9.25664124635274 51.0591793040546)"
;;;;;;;;;;;l1635;"SRID=4326;LINESTRING(9.25938384941478 51.0603668957955,9.25664124635274 51.0591793040546)"
;;;;;;;;;;;l1636;"SRID=4326;LINESTRING(8.65595014422814 50.6036046473842,9.25664124635274 51.0591793040546)"
;;;;;;;;;;;l1637;"SRID=4326;LINESTRING(10.8408696020982 48.2380310170111,10.7037422782749 47.826415980499)"
;;;;;;;;;;;l1638;"SRID=4326;LINESTRING(10.7027320091441 47.8264598353378,10.7037422782749 47.826415980499)"
;;;;;;;;;;;l1639;"SRID=4326;LINESTRING(10.3633843211809 47.7383368357565,10.7037422782749 47.826415980499)"
;;;;;;;;;;;l1640;"SRID=4326;LINESTRING(10.1949335038034 47.9709369066385,10.6418026309511 48.0258492685192)"
;;;;;;;;;;;l1641;"SRID=4326;LINESTRING(10.8408696020982 48.2380310170111,10.6418026309511 48.0258492685192)"
;;;;;;;;;;;l1642;"SRID=4326;LINESTRING(10.6412868211872 48.027451234708,10.6418026309511 48.0258492685192)"
;;;;;;;;;;;l1643;"SRID=4326;LINESTRING(12.789238190432 50.6270562614499,12.8259720721456 50.656844395994)"
;;;;;;;;;;;l1644;"SRID=4326;LINESTRING(12.8139099558581 50.8579185289825,12.8259720721456 50.656844395994)"
;;;;;;;;;;;l1645;"SRID=4326;LINESTRING(12.881244953781 50.518645665309,12.8259720721456 50.656844395994)"
;;;;;;;;;;;l1646;"SRID=4326;LINESTRING(14.604476638274 52.1744941686659,14.5112016636857 52.1616046052254)"
;;;;;;;;;;;l1647;"SRID=4326;LINESTRING(14.4281805295455 51.888864175856,14.5112016636857 52.1616046052254)"
;;;;;;;;;;;l1648;"SRID=4326;LINESTRING(13.709669749528 52.5397952998981,14.5112016636857 52.1616046052254)"
;;;;;;;;;;;l1649;"SRID=4326;LINESTRING(14.604476638274 52.1744941686659,14.5112016636857 52.1616046052254)"
;;;;;;;;;;;l1650;"SRID=4326;LINESTRING(14.4281805295455 51.888864175856,14.5112016636857 52.1616046052254)"
;;;;;;;;;;;l1651;"SRID=4326;LINESTRING(13.709669749528 52.5397952998981,14.5112016636857 52.1616046052254)"
;;;;;;;;;;;l1652;"SRID=4326;LINESTRING(9.09183530449903 49.2946188998807,8.67009930715852 49.3092022842852)"
;;;;;;;;;;;l1653;"SRID=4326;LINESTRING(8.62320969485988 49.356582256425,8.67009930715852 49.3092022842852)"
;;;;;;;;;;;l1654;"SRID=4326;LINESTRING(8.67371735734288 49.2904393997661,8.67009930715852 49.3092022842852)"
;;;;;;;;;;;l1655;"SRID=4326;LINESTRING(9.22808876359609 51.8124534028391,9.23187011256161 51.810119094224)"
;;;;;;;;;;;l1656;"SRID=4326;LINESTRING(9.38974515063535 52.0263130791669,9.23187011256161 51.810119094224)"
;;;;;;;;;;;l1657;"SRID=4326;LINESTRING(9.38765132401603 51.6407335383064,9.23187011256161 51.810119094224)"
;;;;;;;;;;;l1658;"SRID=4326;LINESTRING(9.88551515679306 48.3040743800139,10.2341629653667 48.5289320988725)"
;;;;;;;;;;;l1659;"SRID=4326;LINESTRING(10.2224358208891 48.7367219779685,10.2341629653667 48.5289320988725)"
;;;;;;;;;;;l1660;"SRID=4326;LINESTRING(10.2316415853389 48.5297622821597,10.2341629653667 48.5289320988725)"
;;;;;;;;;;;l1661;"SRID=4326;LINESTRING(8.95464418290241 50.0860157590432,8.74326061918 50.1623379810729)"
;;;;;;;;;;;l1662;"SRID=4326;LINESTRING(8.73513579910005 50.1591915696539,8.74326061918 50.1623379810729)"
;;;;;;;;;;;l1663;"SRID=4326;LINESTRING(8.87225969129667 50.129725329782,8.74326061918 50.1623379810729)"
;;;;;;;;;;;l1664;"SRID=4326;LINESTRING(9.98853665499904 53.7662776782512,9.45967747872262 53.8646575042439)"
;;;;;;;;;;;l1665;"SRID=4326;LINESTRING(9.44963659025525 53.9672865006218,9.45967747872262 53.8646575042439)"
;;;;;;;;;;;l1666;"SRID=4326;LINESTRING(9.34400181356048 53.8517774981988,9.45967747872262 53.8646575042439)"
;;;;;;;;;;;l1667;"SRID=4326;LINESTRING(10.9662584489437 47.2695305015289,11.2869439219167 47.4928625176028)"
;;;;;;;;;;;l1668;"SRID=4326;LINESTRING(11.277721100358 47.4958727068203,11.2869439219167 47.4928625176028)"
;;;;;;;;;;;l1669;"SRID=4326;LINESTRING(11.2939727766244 48.0520427780619,11.2869439219167 47.4928625176028)"
;;;;;;;;;;;l1670;"SRID=4326;LINESTRING(12.789238190432 50.6270562614499,12.8259720721456 50.656844395994)"
;;;;;;;;;;;l1671;"SRID=4326;LINESTRING(12.8139099558581 50.8579185289825,12.8259720721456 50.656844395994)"
;;;;;;;;;;;l1672;"SRID=4326;LINESTRING(12.881244953781 50.518645665309,12.8259720721456 50.656844395994)"
