l_id;wkt_srid_4326;
l1;"SRID=4326;LINESTRING(9.52257601112577 52.3604090734199,9.11321011483187 52.5438533448625)";-142.0229887
l2;"SRID=4326;LINESTRING(9.38974515063535 52.0263130791669,9.12526574244048 52.5382641233458)";82.65330365
l3;"SRID=4326;LINESTRING(10.366274939217 52.2846467643429,9.91814868737007 52.3799963378317)";2.959716609
l4;"SRID=4326;LINESTRING(9.9171797569037 52.2781686248742,10.366274939217 52.2846467643429)";531.2784943
l5;"SRID=4326;LINESTRING(10.4149924241538 53.4126068813272,10.3787706356666 53.2197927695925)";-764.7037128
l6;"SRID=4326;LINESTRING(12.9416466491702 52.5621144028949,13.2061030014846 52.6571363047161)";14.24675429
l7;"SRID=4326;LINESTRING(13.2061030014846 52.6571363047161,13.709669749528 52.5397952998981)";-126.5966968
l8;"SRID=4326;LINESTRING(12.9416466491702 52.5621144028949,13.709669749528 52.5397952998981)";-79.04883034
l9;"SRID=4326;LINESTRING(11.3704263094168 48.2914922548393,11.8132329291411 48.2212664672329)";-19.33376794
l10;"SRID=4326;LINESTRING(11.3704263094168 48.2914922548393,11.868156362746 48.206802931481)";-72.23125959
l11;"SRID=4326;LINESTRING(10.7610404155909 52.3677293936344,10.366274939217 52.2846467643429)";-301.6792246
l12;"SRID=4326;LINESTRING(13.4947634286677 52.5897644694349,13.6834769799404 54.1390906728297)";120.3366228
l13;"SRID=4326;LINESTRING(13.4947634286677 52.5897644694349,13.709669749528 52.5397952998981)";-223.8542058
l14;"SRID=4326;LINESTRING(11.3704263094168 48.2914922548393,11.868156362746 48.206802931481)";-72.11361378
l15;"SRID=4326;LINESTRING(11.8132329291411 48.2212664672329,11.868156362746 48.206802931481)";-111.0051639
l16;"SRID=4326;LINESTRING(11.3704263094168 48.2914922548393,11.2939727766244 48.0520427780619)";466.5173381
l17;"SRID=4326;LINESTRING(9.98460987842098 53.7411288196703,10.1575057595216 53.5551266364644)";-366.2117757
l18;"SRID=4326;LINESTRING(9.98460987842098 53.7411288196703,9.20210266340539 53.8951623622383)";106.8542395
l19;"SRID=4326;LINESTRING(9.98460987842098 53.7411288196703,9.98853665499904 53.7662776782512)";409.3177156
l20;"SRID=4326;LINESTRING(9.98853665499904 53.7662776782512,9.72699275106814 54.2914209859116)";559.5380904
l21;"SRID=4326;LINESTRING(9.34476101692227 53.9218370813918,9.34400181356048 53.8517774981988)";37.48151812
l22;"SRID=4326;LINESTRING(9.34476101692227 53.9218370813918,9.20210266340539 53.8951623622383)";-66.04834837
l23;"SRID=4326;LINESTRING(9.98853665499904 53.7662776782512,9.52960514781347 53.618990731832)";-335.9556069
l24;"SRID=4326;LINESTRING(9.77654483603303 53.6906352940911,9.98853665499904 53.7662776782512)";279.883657
l25;"SRID=4326;LINESTRING(10.4149924241538 53.4126068813272,10.1575057595216 53.5551266364644)";270.2808723
l26;"SRID=4326;LINESTRING(10.3787706356666 53.2197927695925,10.3822011082464 52.9932426669735)";-460.0626622
l27;"SRID=4326;LINESTRING(9.74615085631454 50.9168400022101,11.1228546271538 50.9989090757631)";605.3179924
l28;"SRID=4326;LINESTRING(11.1228546271538 50.9989090757631,10.3859411718194 51.0018133141165)";-537.1426689
l29;"SRID=4326;LINESTRING(8.122642304058 53.5605160665145,8.08565060815886 53.6058342194744)";41.44709228
l30;"SRID=4326;LINESTRING(8.08565060815886 53.6058342194744,8.06005701182283 53.6202026205826)";33.43308512
l31;"SRID=4326;LINESTRING(9.11321011483187 52.5438533448625,9.91814868737007 52.3799963378317)";190.2899754
l32;"SRID=4326;LINESTRING(11.6389126099956 52.2687358982154,12.9416466491702 52.5621144028949)";90.63103271
l33;"SRID=4326;LINESTRING(12.9416466491702 52.5621144028949,13.2115276810432 52.5806278358522)";-67.91234391
l34;"SRID=4326;LINESTRING(11.6389126099956 52.2687358982154,13.2115276810432 52.5806278358522)";59.61244204
l35;"SRID=4326;LINESTRING(11.727353429381 52.5689470103264,13.1433929675199 53.9081470154338)";64.68501184
l36;"SRID=4326;LINESTRING(11.727353429381 52.5689470103264,11.8531051573669 53.0865440610132)";110.2361089
l37;"SRID=4326;LINESTRING(13.6834769799404 54.1390906728297,12.1869848529515 53.8157751978716)";86.99032702
l38;"SRID=4326;LINESTRING(12.9416466491702 52.5621144028949,12.4993660253653 52.4052284426773)";108.4040799
l39;"SRID=4326;LINESTRING(12.9416466491702 52.5621144028949,12.4993660253653 52.4052284426773)";108.5242815
l40;"SRID=4326;LINESTRING(13.5061280249068 52.4738227039188,13.3057533352426 52.2307818607751)";-68.2046162
l41;"SRID=4326;LINESTRING(13.5061280249068 52.4738227039188,13.5241987812625 52.5356343208068)";65.47127856
l42;"SRID=4326;LINESTRING(13.5241987812625 52.5356343208068,13.709669749528 52.5397952998981)";-945.2244937
l43;"SRID=4326;LINESTRING(13.5241987812625 52.5356343208068,13.709669749528 52.5397952998981)";-944.1689976
l44;"SRID=4326;LINESTRING(13.4564307414427 52.521451771614,13.5370284535837 52.5374809881862)";30.63161337
l45;"SRID=4326;LINESTRING(9.74615085631454 50.9168400022101,10.3859411718194 51.0018133141165)";678.4045102
l46;"SRID=4326;LINESTRING(9.74615085631454 50.9168400022101,9.25938384941478 51.0603668957955)";-1453.882771
l47;"SRID=4326;LINESTRING(8.31334018942867 49.0090434774209,7.75349549403634 48.0993557332288)";267.6018587
l48;"SRID=4326;LINESTRING(8.31334018942867 49.0090434774209,8.4384675602346 49.2524597535318)";-652.104845
l49;"SRID=4326;LINESTRING(8.31334018942867 49.0090434774209,8.51211173756804 49.2939665911691)";71.32629235
l50;"SRID=4326;LINESTRING(8.31334018942867 49.0090434774209,8.62320969485988 49.356582256425)";-149.5115252
l51;"SRID=4326;LINESTRING(8.44554253599103 48.9860882032815,8.31334018942867 49.0090434774209)";-308.5933787
l52;"SRID=4326;LINESTRING(8.44554253599103 48.9860882032815,8.64158407529801 48.8900525292561)";9.010422883
l53;"SRID=4326;LINESTRING(8.64158407529801 48.8900525292561,8.31334018942867 49.0090434774209)";-150.9677016
l54;"SRID=4326;LINESTRING(8.56374402466983 53.0317216060084,8.47470705828713 53.4286512121137)";-564.7707701
l55;"SRID=4326;LINESTRING(8.51888183670623 53.2026352879915,8.82002488536158 53.1073883123751)";421.3239337
l56;"SRID=4326;LINESTRING(9.50178971212981 53.5428143880013,8.51888183670623 53.2026352879915)";-792.9512484
l57;"SRID=4326;LINESTRING(8.12061826655718 48.7053527235337,8.31334018942867 49.0090434774209)";-212.7020995
l58;"SRID=4326;LINESTRING(11.3704263094168 48.2914922548393,11.4407746571386 48.1718035686213)";106.6838405
l59;"SRID=4326;LINESTRING(13.3264050703954 50.3463722141376,12.1147699347953 49.6311522364994)";1302.745388
l60;"SRID=4326;LINESTRING(8.56374402466983 53.0317216060084,8.69516076534637 53.0925361336519)";460.9152844
l61;"SRID=4326;LINESTRING(8.51888183670623 53.2026352879915,8.69516076534637 53.0925361336519)";-1081.278315
l62;"SRID=4326;LINESTRING(8.77244299222179 49.9746686767501,8.41937108566179 49.6337357665925)";-866.9413649
l63;"SRID=4326;LINESTRING(8.38855643052221 49.9823050863709,8.41937108566179 49.6337357665925)";327.7629106
l64;"SRID=4326;LINESTRING(12.262173544509 51.7410202813412,11.8942662085419 51.4057031779769)";-158.4064409
l65;"SRID=4326;LINESTRING(13.1570905224719 51.8284516784236,13.9024347133056 51.874723530085)";-252.5037613
l66;"SRID=4326;LINESTRING(11.6389126099956 52.2687358982154,11.5165549994374 51.5843592162484)";-34.09910987
l67;"SRID=4326;LINESTRING(11.8942662085419 51.4057031779769,11.5165549994374 51.5843592162484)";238.9671836
l68;"SRID=4326;LINESTRING(11.6389126099956 52.2687358982154,11.8942662085419 51.4057031779769)";-84.68204687
l69;"SRID=4326;LINESTRING(8.70221847039735 51.7363525890089,8.99279243937742 51.3430094105575)";-657.588178
l70;"SRID=4326;LINESTRING(8.70221847039735 51.7363525890089,8.99279243937742 51.3430094105575)";-657.588178
l71;"SRID=4326;LINESTRING(13.1570905224719 51.8284516784236,11.8942662085419 51.4057031779769)";-7.149069425
l72;"SRID=4326;LINESTRING(13.6834769799404 54.1390906728297,13.1433929675199 53.9081470154338)";-23.81046037
l73;"SRID=4326;LINESTRING(12.9416466491702 52.5621144028949,13.3057533352426 52.2307818607751)";-63.57821051
l74;"SRID=4326;LINESTRING(12.9416466491702 52.5621144028949,13.9024347133056 51.874723530085)";-272.8587642
l75;"SRID=4326;LINESTRING(13.3057533352426 52.2307818607751,13.9024347133056 51.874723530085)";-300.6952386
l76;"SRID=4326;LINESTRING(11.6463786860412 50.5348769896165,11.1228546271538 50.9989090757631)";-153.7150241
l77;"SRID=4326;LINESTRING(14.4719654746961 51.5538127702297,14.5081092115389 51.4137104048148)";757.1884253
l78;"SRID=4326;LINESTRING(14.4719654746961 51.5538127702297,14.5081092115389 51.4137104048148)";757.7743511
l79;"SRID=4326;LINESTRING(14.4281805295455 51.888864175856,14.4719654746961 51.5538127702297)";54.23617312
l80;"SRID=4326;LINESTRING(14.4281805295455 51.888864175856,14.4719654746961 51.5538127702297)";54.22307639
l81;"SRID=4326;LINESTRING(8.122642304058 53.5605160665145,8.14191383627294 53.5640011817982)";17.25056642
l82;"SRID=4326;LINESTRING(10.1562825155965 54.2755482828972,10.1773541417844 54.3395212774033)";45.32879412
l83;"SRID=4326;LINESTRING(10.1562825155965 54.2755482828972,9.72699275106814 54.2914209859116)";-75.4139188
l84;"SRID=4326;LINESTRING(7.03496796550368 52.2028607768236,7.30824781629083 52.4767901583642)";379.4016843
l85;"SRID=4326;LINESTRING(7.06034476225792 51.6964980793073,7.30824781629083 52.4767901583642)";698.7025313
l86;"SRID=4326;LINESTRING(7.54571775348996 51.9703244532995,7.30824781629083 52.4767901583642)";289.7764361
l87;"SRID=4326;LINESTRING(7.30460120682915 52.4817909166958,7.30824781629083 52.4767901583642)";-8.352895557
l88;"SRID=4326;LINESTRING(7.30824781629083 52.4767901583642,7.30433880131157 52.4824259961208)";-27.8734187
l89;"SRID=4326;LINESTRING(7.30460120682915 52.4817909166958,7.30824781629083 52.4767901583642)";-8.352895557
l90;"SRID=4326;LINESTRING(7.30824781629083 52.4767901583642,7.27715397426964 52.7532426203196)";10.85371455
l91;"SRID=4326;LINESTRING(8.30775696202904 52.3456357754793,7.30824781629083 52.4767901583642)";-283.0068817
l92;"SRID=4326;LINESTRING(7.30824781629083 52.4767901583642,7.88957673752775 52.2773967844269)";329.8940764
l93;"SRID=4326;LINESTRING(7.30824781629083 52.4767901583642,7.31784997667688 52.4691115144199)";45.54751895
l94;"SRID=4326;LINESTRING(13.3352804208787 49.5896898733245,12.1147699347953 49.6311522364994)";-51.38373831
l95;"SRID=4326;LINESTRING(12.1869848529515 53.8157751978716,12.2147735094259 54.1003234808405)";18.33957626
l96;"SRID=4326;LINESTRING(6.99647662277982 49.3754093214106,6.4747398132316 49.9224693104147)";-636.497422
l97;"SRID=4326;LINESTRING(12.1869848529515 53.8157751978716,12.2147735094259 54.1003234808405)";18.34727959
l98;"SRID=4326;LINESTRING(12.1869848529515 53.8157751978716,14.0336963902155 53.507868594058)";34.6333702
l99;"SRID=4326;LINESTRING(12.1869848529515 53.8157751978716,11.6993927384808 53.5722744896829)";8.838298002
l100;"SRID=4326;LINESTRING(11.3706374165175 53.6009910913085,12.1869848529515 53.8157751978716)";-22.56705685
l101;"SRID=4326;LINESTRING(6.94821096676896 51.4445758936096,7.06034476225792 51.6964980793073)";-180.8055534
l102;"SRID=4326;LINESTRING(6.92675898550662 51.4992056970517,6.94821096676896 51.4445758936096)";-100.5894727
l103;"SRID=4326;LINESTRING(6.68079563463015 51.6462972769253,7.06034476225792 51.6964980793073)";-122.9606732
l104;"SRID=4326;LINESTRING(7.16721463545721 51.3899067765993,7.12557294579876 51.4489772806916)";489.4983541
l105;"SRID=4326;LINESTRING(6.99606886995841 51.5141696109019,7.12557294579876 51.4489772806916)";-3.131432715
l106;"SRID=4326;LINESTRING(7.31318287435069 51.4466114132712,7.16721463545721 51.3899067765993)";-218.3665892
l107;"SRID=4326;LINESTRING(7.99288732000281 51.6837077158762,8.62480055555283 51.4278884079658)";886.2837917
l108;"SRID=4326;LINESTRING(7.06034476225792 51.6964980793073,7.35311188155085 51.5758105365035)";-448.1548645
l109;"SRID=4326;LINESTRING(7.12323886855291 51.5256121997715,7.06034476225792 51.6964980793073)";175.3196033
l110;"SRID=4326;LINESTRING(7.06034476225792 51.6964980793073,7.03496796550368 52.2028607768236)";929.4397318
l111;"SRID=4326;LINESTRING(7.99288732000281 51.6837077158762,8.2117054289867 51.1779850077285)";930.4547658
l112;"SRID=4326;LINESTRING(6.57648211320418 51.0555954842661,6.77252314401924 51.1471055233119)";287.4322159
l113;"SRID=4326;LINESTRING(6.97257748891579 50.795693016675,7.13689471769255 50.6428608849405)";1266.393042
l114;"SRID=4326;LINESTRING(6.97257748891579 50.795693016675,6.45655251893853 50.8713380734833)";-540.9470676
l115;"SRID=4326;LINESTRING(6.97257748891579 50.795693016675,7.86394571439194 50.7682419302039)";49.4146108
l116;"SRID=4326;LINESTRING(6.32166521557731 50.8383474955825,6.16738172896202 50.8020443318383)";172.7286448
l117;"SRID=4326;LINESTRING(6.70219721289106 51.0088597430362,6.61240236819431 51.0359242961049)";378.3070315
l118;"SRID=4326;LINESTRING(7.17937918293452 51.4722019618656,7.12557294579876 51.4489772806916)";302.1093548
l119;"SRID=4326;LINESTRING(6.96568445966487 51.0693295406357,7.23319688909308 51.2325069074323)";420.0814627
l120;"SRID=4326;LINESTRING(6.30090126366431 50.8289532360211,6.45655251893853 50.8713380734833)";2211.443898
l121;"SRID=4326;LINESTRING(7.13689471769255 50.6428608849405,7.44948701423191 50.4025259728409)";1182.678432
l122;"SRID=4326;LINESTRING(6.32166521557731 50.8383474955825,6.45655251893853 50.8713380734833)";-186.6975023
l123;"SRID=4326;LINESTRING(6.62582903685647 51.2606112581148,6.61240236819431 51.0359242961049)";-143.4840086
l124;"SRID=4326;LINESTRING(6.96568445966487 51.0693295406357,7.12308198261157 51.1715887959352)";-216.2654111
l125;"SRID=4326;LINESTRING(6.96568445966487 51.0693295406357,6.70219721289106 51.0088597430362)";-753.9502215
l126;"SRID=4326;LINESTRING(6.80109337218585 51.1225390893163,7.00877917051357 51.1742549445955)";103.8452889
l127;"SRID=4326;LINESTRING(6.84265069037124 50.8635385173748,6.70219721289106 51.0088597430362)";-629.8801579
l128;"SRID=4326;LINESTRING(6.97257748891579 50.795693016675,7.86394571439194 50.7682419302039)";49.41969692
l129;"SRID=4326;LINESTRING(6.97257748891579 50.795693016675,6.80461624403732 50.9662477744576)";-288.8097097
l130;"SRID=4326;LINESTRING(7.71862724482037 51.5342075253387,7.93077012209125 51.6729710114195)";1760.852581
l131;"SRID=4326;LINESTRING(6.96568445966487 51.0693295406357,6.70219721289106 51.0088597430362)";-753.9502215
l132;"SRID=4326;LINESTRING(6.70219721289106 51.0088597430362,6.80109337218585 51.1225390893163)";224.5447888
l133;"SRID=4326;LINESTRING(6.97257748891579 50.795693016675,6.45655251893853 50.8713380734833)";-540.9470676
l134;"SRID=4326;LINESTRING(6.97257748891579 50.795693016675,7.44948701423191 50.4025259728409)";1512.129535
l135;"SRID=4326;LINESTRING(6.22183149094702 51.6946456455863,6.68079563463015 51.6462972769253)";-50.3886563
l136;"SRID=4326;LINESTRING(7.00674991840299 51.5999114356605,7.06034476225792 51.6964980793073)";66.77631875
l137;"SRID=4326;LINESTRING(7.03761992937395 51.5985496345954,6.68079563463015 51.6462972769253)";21.58319125
l138;"SRID=4326;LINESTRING(6.61738115554636 51.4757909650564,6.65673523718494 51.3795236591475)";-74.34581414
l139;"SRID=4326;LINESTRING(7.26408347971959 51.5735734400302,7.06034476225792 51.6964980793073)";146.3860165
l140;"SRID=4326;LINESTRING(7.16721463545721 51.3899067765993,7.27894732573719 51.4722814207425)";-44.74916378
l141;"SRID=4326;LINESTRING(7.18667757416348 51.5505890861964,7.12557294579876 51.4489772806916)";25.91448804
l142;"SRID=4326;LINESTRING(6.62582903685647 51.2606112581148,6.70219721289106 51.0088597430362)";-195.0701507
l143;"SRID=4326;LINESTRING(7.26408347971959 51.5735734400302,7.35135789785079 51.5683686345539)";41.70488099
l144;"SRID=4326;LINESTRING(7.18667757416348 51.5505890861964,7.17937918293452 51.4722019618656)";-225.4019482
l145;"SRID=4326;LINESTRING(7.26408347971959 51.5735734400302,7.16721463545721 51.3899067765993)";-32.88372287
l146;"SRID=4326;LINESTRING(6.93488872133436 51.033522366054,6.82804663323414 51.1626523772377)";17.08857619
l147;"SRID=4326;LINESTRING(7.50597986222128 51.4016012425797,7.12557294579876 51.4489772806916)";-224.884426
l148;"SRID=4326;LINESTRING(7.03761992937395 51.5985496345954,7.12557294579876 51.4489772806916)";-110.4967495
l149;"SRID=4326;LINESTRING(7.26408347971959 51.5735734400302,7.27894732573719 51.4722814207425)";-145.5334736
l150;"SRID=4326;LINESTRING(7.18667757416348 51.5505890861964,7.12557294579876 51.4489772806916)";21.52160563
l151;"SRID=4326;LINESTRING(7.50597986222128 51.4016012425797,7.12557294579876 51.4489772806916)";-226.6115191
l152;"SRID=4326;LINESTRING(6.96568445966487 51.0693295406357,6.70219721289106 51.0088597430362)";-186.9295008
l153;"SRID=4326;LINESTRING(6.96568445966487 51.0693295406357,6.84699935555237 51.2055917675691)";60.39080128
l154;"SRID=4326;LINESTRING(7.19316581458292 50.7983350844101,7.04738454562441 50.9055286430507)";87.03042531
l155;"SRID=4326;LINESTRING(6.93488872133436 51.033522366054,6.96568445966487 51.0693295406357)";-1.060268207
l156;"SRID=4326;LINESTRING(6.62582903685647 51.2606112581148,6.7097559453279 51.0909324851035)";-325.7539088
l157;"SRID=4326;LINESTRING(7.19316581458292 50.7983350844101,7.86394571439194 50.7682419302039)";-50.78372732
l158;"SRID=4326;LINESTRING(7.23319688909308 51.2325069074323,7.86394571439194 50.7682419302039)";-17.92638254
l159;"SRID=4326;LINESTRING(6.62582903685647 51.2606112581148,6.33000626218352 51.2429166388389)";270.6541566
l160;"SRID=4326;LINESTRING(6.96568445966487 51.0693295406357,7.50597986222128 51.4016012425797)";65.68966805
l161;"SRID=4326;LINESTRING(6.96568445966487 51.0693295406357,7.0235445515269 50.9990684211965)";659.6743041
l162;"SRID=4326;LINESTRING(7.19316581458292 50.7983350844101,7.86394571439194 50.7682419302039)";-50.78372732
l163;"SRID=4326;LINESTRING(7.12308198261157 51.1715887959352,7.86394571439194 50.7682419302039)";171.0268047
l164;"SRID=4326;LINESTRING(6.96568445966487 51.0693295406357,7.72438409063489 51.4093341491518)";112.5341983
l165;"SRID=4326;LINESTRING(6.96568445966487 51.0693295406357,7.0235445515269 50.9990684211965)";659.6743041
l166;"SRID=4326;LINESTRING(6.97257748891579 50.795693016675,6.84223119628968 50.8598647273121)";100.972503
l167;"SRID=4326;LINESTRING(6.97257748891579 50.795693016675,7.19316581458292 50.7983350844101)";204.0153038
l168;"SRID=4326;LINESTRING(7.0235445515269 50.9990684211965,7.04738454562441 50.9055286430507)";59.57939537
l169;"SRID=4326;LINESTRING(7.0235445515269 50.9990684211965,7.04738454562441 50.9055286430507)";59.57939537
l170;"SRID=4326;LINESTRING(6.97257748891579 50.795693016675,7.19316581458292 50.7983350844101)";203.5733503
l171;"SRID=4326;LINESTRING(8.36422958832611 51.9271205112378,7.99288732000281 51.6837077158762)";-1975.10986
l172;"SRID=4326;LINESTRING(6.45655251893853 50.8713380734833,6.48812326066423 50.8810703279012)";25.00960829
l173;"SRID=4326;LINESTRING(8.05408740677995 53.332302708936,8.47470705828713 53.4286512121137)";578.7920149
l174;"SRID=4326;LINESTRING(8.47791063608626 53.428485495717,8.05283756803222 53.3338809660191)";-147.6878127
l175;"SRID=4326;LINESTRING(6.57648211320418 51.0555954842661,6.7097559453279 51.0909324851035)";446.4840933
l176;"SRID=4326;LINESTRING(6.85153261718464 50.9841665158571,6.80461624403732 50.9662477744576)";504.9134869
l177;"SRID=4326;LINESTRING(6.57648211320418 51.0555954842661,6.70219721289106 51.0088597430362)";980
l178;"SRID=4326;LINESTRING(6.85153261718464 50.9841665158571,6.80461624403732 50.9662477744576)";504.9134869
l179;"SRID=4326;LINESTRING(8.9396926172441 52.4030332405173,9.12526574244048 52.5382641233458)";2034.815028
l180;"SRID=4326;LINESTRING(6.70219721289106 51.0088597430362,6.59601984709512 50.9525274662191)";42.37064688
l181;"SRID=4326;LINESTRING(7.35311188155085 51.5758105365035,7.33861261905923 51.6319781599433)";-827.8213205
l182;"SRID=4326;LINESTRING(7.35311188155085 51.5758105365035,7.7083185190139 51.6762033258373)";1095.217088
l183;"SRID=4326;LINESTRING(7.61702105012869 51.6371337810622,7.7083185190139 51.6762033258373)";-53.53954449
l184;"SRID=4326;LINESTRING(7.35311188155085 51.5758105365035,7.33861261905923 51.6319781599433)";-829.9689312
l185;"SRID=4326;LINESTRING(7.52228012599778 51.5321980611413,7.7083185190139 51.6762033258373)";-256.3041044
l186;"SRID=4326;LINESTRING(6.90660784108641 51.5652424548867,6.92675898550662 51.4992056970517)";121.642086
l187;"SRID=4326;LINESTRING(7.00674991840299 51.5999114356605,6.92675898550662 51.4992056970517)";133.9940228
l188;"SRID=4326;LINESTRING(7.03761992937395 51.5985496345954,6.92675898550662 51.4992056970517)";116.0706309
l189;"SRID=4326;LINESTRING(6.92675898550662 51.4992056970517,6.96734395630657 51.490861901735)";291.3128492
l190;"SRID=4326;LINESTRING(6.92675898550662 51.4992056970517,6.96734395630657 51.490861901735)";291.7377512
l191;"SRID=4326;LINESTRING(6.90660784108641 51.5652424548867,6.68079563463015 51.6462972769253)";-64.11697118
l192;"SRID=4326;LINESTRING(6.92675898550662 51.4992056970517,6.87287367577891 51.4457833914382)";71.84727108
l193;"SRID=4326;LINESTRING(6.92675898550662 51.4992056970517,6.87287367577891 51.4457833914382)";72.43245247
l194;"SRID=4326;LINESTRING(7.00674991840299 51.5999114356605,7.06034476225792 51.6964980793073)";251.7265945
l195;"SRID=4326;LINESTRING(7.03761992937395 51.5985496345954,7.06034476225792 51.6964980793073)";-42.04410857
l196;"SRID=4326;LINESTRING(7.00674991840299 51.5999114356605,7.06034476225792 51.6964980793073)";265.8777111
l197;"SRID=4326;LINESTRING(6.86804500654219 51.374474803487,6.72376717933502 51.3556543954881)";-66.42129783
l198;"SRID=4326;LINESTRING(6.45655251893853 50.8713380734833,6.48812326066423 50.8810703279012)";25.00960829
l199;"SRID=4326;LINESTRING(6.68079563463015 51.6462972769253,6.78752992543912 51.5055494229858)";-35.38090625
l200;"SRID=4326;LINESTRING(6.70219721289106 51.0088597430362,6.62284324444971 51.2587133994989)";549.6115063
l201;"SRID=4326;LINESTRING(6.45655251893853 50.8713380734833,6.48812326066423 50.8810703279012)";25.00960829
l202;"SRID=4326;LINESTRING(6.68079563463015 51.6462972769253,6.81216589807283 51.5196200390464)";61.02739134
l203;"SRID=4326;LINESTRING(11.6389126099956 52.2687358982154,11.727353429381 52.5689470103264)";115.6317371
l204;"SRID=4326;LINESTRING(6.62582903685647 51.2606112581148,6.72031004220211 51.391532581128)";-32.02004079
l205;"SRID=4326;LINESTRING(6.62582903685647 51.2606112581148,6.54240843928532 51.2994458346854)";503.0768911
l206;"SRID=4326;LINESTRING(6.67467535942029 51.324957491388,6.62582903685647 51.2606112581148)";84.6296556
l207;"SRID=4326;LINESTRING(13.078642146735 54.2848461827889,13.6834769799404 54.1390906728297)";-16.24101345
l208;"SRID=4326;LINESTRING(13.078642146735 54.2848461827889,13.6834769799404 54.1390906728297)";-16.25658295
l209;"SRID=4326;LINESTRING(8.02029038221744 50.9236169231237,7.86394571439194 50.7682419302039)";278.7298517
l210;"SRID=4326;LINESTRING(13.9570055873006 53.2521716356786,13.709669749528 52.5397952998981)";-152.2083121
l211;"SRID=4326;LINESTRING(14.2708346906575 53.0962865828729,14.0336963902155 53.507868594058)";-127.5334962
l212;"SRID=4326;LINESTRING(14.4762521312891 53.1967495435604,14.2708346906575 53.0962865828729)";-123.50799
l213;"SRID=4326;LINESTRING(13.9570055873006 53.2521716356786,14.0336963902155 53.507868594058)";109.2728963
l214;"SRID=4326;LINESTRING(14.2708346906575 53.0962865828729,13.709669749528 52.5397952998981)";-240.4727613
l215;"SRID=4326;LINESTRING(9.90884756824768 53.4880466468098,9.50178971212981 53.5428143880013)";-984.8826858
l216;"SRID=4326;LINESTRING(9.90884756824768 53.4880466468098,10.1575057595216 53.5551266364644)";97.23065583
l217;"SRID=4326;LINESTRING(9.90884756824768 53.4880466468098,10.1575057595216 53.5551266364644)";97.3848496
l218;"SRID=4326;LINESTRING(9.90884756824768 53.4880466468098,9.50178971212981 53.5428143880013)";-985.6042116
l219;"SRID=4326;LINESTRING(6.67467535942029 51.324957491388,6.72376717933502 51.3556543954881)";-84.4469802
l220;"SRID=4326;LINESTRING(6.61738115554636 51.4757909650564,6.72376717933502 51.3556543954881)";-89.36584178
l221;"SRID=4326;LINESTRING(6.61738115554636 51.4757909650564,6.71114528740106 51.5261875789907)";-134.6390729
l222;"SRID=4326;LINESTRING(6.61738115554636 51.4757909650564,6.68934282070814 51.5764229278963)";13.41418219
l223;"SRID=4326;LINESTRING(6.22183149094702 51.6946456455863,6.68079563463015 51.6462972769253)";-50.39229999
l224;"SRID=4326;LINESTRING(6.92675898550662 51.4992056970517,6.78752992543912 51.5055494229858)";-178.5466004
l225;"SRID=4326;LINESTRING(6.92675898550662 51.4992056970517,6.78752992543912 51.5055494229858)";-178.7537511
l226;"SRID=4326;LINESTRING(6.72376717933502 51.3556543954881,6.72031004220211 51.391532581128)";109.8481407
l227;"SRID=4326;LINESTRING(6.65673523718494 51.3795236591475,6.72376717933502 51.3556543954881)";-103.9347849
l228;"SRID=4326;LINESTRING(6.72376717933502 51.3556543954881,6.72365238886558 51.3758458427716)";56.56383578
l229;"SRID=4326;LINESTRING(8.61664770595698 48.0659538545522,8.87294280093827 48.310091303568)";1064.720977
l230;"SRID=4326;LINESTRING(6.71525262621456 51.5267908744287,6.78752992543912 51.5055494229858)";204.7852045
l231;"SRID=4326;LINESTRING(6.71525262621456 51.5267908744287,6.78752992543912 51.5055494229858)";212.4418992
l232;"SRID=4326;LINESTRING(12.1869848529515 53.8157751978716,12.185765240779 53.8108598322992)";26.08168545
l233;"SRID=4326;LINESTRING(12.1869848529515 53.8157751978716,12.185765240779 53.8108598322992)";25.94191222
l234;"SRID=4326;LINESTRING(6.68079563463015 51.6462972769253,6.71114528740106 51.5261875789907)";-109.6163829
l235;"SRID=4326;LINESTRING(6.68079563463015 51.6462972769253,6.68934282070814 51.5764229278963)";-45.93318981
l236;"SRID=4326;LINESTRING(6.71525262621456 51.5267908744287,6.7225698255489 51.4797877133457)";-547.8076758
l237;"SRID=4326;LINESTRING(6.68934282070814 51.5764229278963,6.68146365257697 51.5776527635093)";-21.22529697
l238;"SRID=4326;LINESTRING(6.68934282070814 51.5764229278963,6.68146365257697 51.5776527635093)";-24.655648
l239;"SRID=4326;LINESTRING(6.71525262621456 51.5267908744287,6.68310699520914 51.5756455198898)";43.21339926
l240;"SRID=4326;LINESTRING(6.71525262621456 51.5267908744287,6.74541685133193 51.4986419229617)";29.90791777
l241;"SRID=4326;LINESTRING(6.61427858001903 51.6186788195162,6.68310699520914 51.5756455198898)";-13.30548148
l242;"SRID=4326;LINESTRING(6.61427858001903 51.6186788195162,6.71525262621456 51.5267908744287)";-27.5789072
l243;"SRID=4326;LINESTRING(7.44506932534523 51.6185001200754,7.7083185190139 51.6762033258373)";507.1171582
l244;"SRID=4326;LINESTRING(6.80461624403732 50.9662477744576,6.70219721289106 51.0088597430362)";68.53770971
l245;"SRID=4326;LINESTRING(6.73212494203963 51.4594437546532,6.7225698255489 51.4797877133457)";-33.34950532
l246;"SRID=4326;LINESTRING(6.73212494203963 51.4594437546532,6.7225698255489 51.4797877133457)";-33.34950532
l247;"SRID=4326;LINESTRING(9.12526574244048 52.5382641233458,9.25103429423424 53.1144323213021)";667.8290669
l248;"SRID=4326;LINESTRING(9.12526574244048 52.5382641233458,9.25103429423424 53.1144323213021)";667.0544209
l249;"SRID=4326;LINESTRING(7.32089264924598 52.4714572257118,7.30824781629083 52.4767901583642)";387.8859442
l250;"SRID=4326;LINESTRING(7.03496796550368 52.2028607768236,6.75917489922906 52.2488579210093)";213.026156
l251;"SRID=4326;LINESTRING(7.03496796550368 52.2028607768236,6.75917489922906 52.2488579210093)";213.0843466
l252;"SRID=4326;LINESTRING(7.50597986222128 51.4016012425797,7.70635767084239 51.2785803248342)";119.3971672
l253;"SRID=4326;LINESTRING(7.50597986222128 51.4016012425797,7.70635767084239 51.2785803248342)";119.3811358
l254;"SRID=4326;LINESTRING(7.50597986222128 51.4016012425797,7.4503420737133 51.4136082478987)";203.0275602
l255;"SRID=4326;LINESTRING(6.70219721289106 51.0088597430362,6.63448170507317 51.0359799570641)";17.26725572
l256;"SRID=4326;LINESTRING(6.70219721289106 51.0088597430362,6.63448170507317 51.0359799570641)";17.41015356
l257;"SRID=4326;LINESTRING(7.7083185190139 51.6762033258373,7.60711615834737 51.8986046345034)";503.8039231
l258;"SRID=4326;LINESTRING(7.7083185190139 51.6762033258373,7.40354445433039 51.6444495221964)";-1604.755958
l259;"SRID=4326;LINESTRING(9.12526574244048 52.5382641233458,9.11321011483187 52.5438533448625)";676.6275608
l260;"SRID=4326;LINESTRING(9.12526574244048 52.5382641233458,9.11321011483187 52.5438533448625)";96.96696961
l261;"SRID=4326;LINESTRING(9.12526574244048 52.5382641233458,9.11321011483187 52.5438533448625)";118.7657457
l262;"SRID=4326;LINESTRING(6.45655251893853 50.8713380734833,6.59601984709512 50.9525274662191)";41.21500411
l263;"SRID=4326;LINESTRING(9.40952036752961 52.0343166956609,9.38974515063535 52.0263130791669)";-143.4287785
l264;"SRID=4326;LINESTRING(6.99647662277982 49.3754093214106,7.23579348811378 49.3693923811997)";881.4926623
l265;"SRID=4326;LINESTRING(6.99647662277982 49.3754093214106,8.41937108566179 49.6337357665925)";1378.379244
l266;"SRID=4326;LINESTRING(6.81368434620717 49.7248341051075,6.99647662277982 49.3754093214106)";640.7223815
l267;"SRID=4326;LINESTRING(8.58869053015616 49.8155140535631,8.54716101729403 49.4405397603694)";-259.3486577
l268;"SRID=4326;LINESTRING(8.41937108566179 49.6337357665925,8.40828876612783 49.5286235333031)";245.5722793
l269;"SRID=4326;LINESTRING(8.41937108566179 49.6337357665925,7.44948701423191 50.4025259728409)";-1042.693308
l270;"SRID=4326;LINESTRING(8.41937108566179 49.6337357665925,7.44948701423191 50.4025259728409)";-1042.524851
l271;"SRID=4326;LINESTRING(8.41937108566179 49.6337357665925,8.40828876612783 49.5286235333031)";245.608369
l272;"SRID=4326;LINESTRING(9.19078746567264 48.9144168850357,8.41937108566179 49.6337357665925)";-549.5266139
l273;"SRID=4326;LINESTRING(9.19078746567264 48.9144168850357,8.41937108566179 49.6337357665925)";-549.566123
l274;"SRID=4326;LINESTRING(8.58869053015616 49.8155140535631,8.54716101729403 49.4405397603694)";-259.3486577
l275;"SRID=4326;LINESTRING(12.1320700033184 54.1424599150795,12.2147735094259 54.1003234808405)";-127.8482855
l276;"SRID=4326;LINESTRING(12.1869848529515 53.8157751978716,12.2135605906601 54.1119998916809)";-20.96820263
l277;"SRID=4326;LINESTRING(13.078642146735 54.2848461827889,12.1869848529515 53.8157751978716)";23.22064562
l278;"SRID=4326;LINESTRING(8.57125886720865 52.1053649703152,8.9396926172441 52.4030332405173)";1061.76704
l279;"SRID=4326;LINESTRING(8.57125886720865 52.1053649703152,8.6593729546501 51.9996101360209)";-1307.308946
l280;"SRID=4326;LINESTRING(8.57125886720865 52.1053649703152,8.6593729546501 51.9996101360209)";-1307.829994
l281;"SRID=4326;LINESTRING(8.57125886720865 52.1053649703152,8.9396926172441 52.4030332405173)";1061.557108
l282;"SRID=4326;LINESTRING(8.30775696202904 52.3456357754793,7.88957673752775 52.2773967844269)";-19.46287905
l283;"SRID=4326;LINESTRING(8.05408740677995 53.332302708936,7.31136230953603 53.1257665914164)";-779.7356921
l284;"SRID=4326;LINESTRING(8.05408740677995 53.332302708936,7.31136230953603 53.1257665914164)";-779.8443396
l285;"SRID=4326;LINESTRING(8.122642304058 53.5605160665145,8.05283756803222 53.3338809660191)";276.0139628
l286;"SRID=4326;LINESTRING(6.94948404574031 53.1235378491255,7.31136230953603 53.1257665914164)";804.796142
l287;"SRID=4326;LINESTRING(8.122642304058 53.5605160665145,8.05283756803222 53.3338809660191)";275.9723719
l288;"SRID=4326;LINESTRING(7.23579348811378 49.3693923811997,8.31334018942867 49.0090434774209)";485.6847081
l289;"SRID=4326;LINESTRING(8.40828876612783 49.5286235333031,8.27327814627525 49.0293981037883)";171.7862859
l290;"SRID=4326;LINESTRING(8.35233395252327 49.4212743450173,8.40828876612783 49.5286235333031)";-535.3194
l291;"SRID=4326;LINESTRING(7.72920204621049 49.4826474377754,8.35233395252327 49.4212743450173)";-52.41903148
l292;"SRID=4326;LINESTRING(8.35233395252327 49.4212743450173,8.27327814627525 49.0293981037883)";-59.4243833
l293;"SRID=4326;LINESTRING(9.79733614300556 52.0008392548375,9.91814868737007 52.3799963378317)";99.90336527
l294;"SRID=4326;LINESTRING(9.9171797569037 52.2781686248742,9.38974515063535 52.0263130791669)";-780.948269
l295;"SRID=4326;LINESTRING(9.19078746567264 48.9144168850357,10.0821573814608 48.2660901922742)";1091.164977
l296;"SRID=4326;LINESTRING(8.62716128185002 49.5435952784092,8.50180857459037 49.4449115329164)";-72.54033595
l297;"SRID=4326;LINESTRING(10.0821573814608 48.2660901922742,10.3917760727113 48.51846091102)";33.75811362
l298;"SRID=4326;LINESTRING(7.95807590404246 47.595477987414,7.75349549403634 48.0993557332288)";-304.325203
l299;"SRID=4326;LINESTRING(10.0837513310281 48.268867503254,9.88551515679306 48.3040743800139)";-204.3299652
l300;"SRID=4326;LINESTRING(9.01340237137239 47.84534861265,8.25192553682682 47.6397698245713)";-89.75378192
l301;"SRID=4326;LINESTRING(9.19675654948238 48.9129634543149,8.54716101729403 49.4405397603694)";-84.21662491
l302;"SRID=4326;LINESTRING(10.0821573814608 48.2660901922742,10.3917760727113 48.51846091102)";33.71494842
l303;"SRID=4326;LINESTRING(9.88551515679306 48.3040743800139,10.0821573814608 48.2660901922742)";721.3316287
l304;"SRID=4326;LINESTRING(6.6205356426611 49.7489386754597,6.13982051606053 49.6685969450672)";185.6789553
l305;"SRID=4326;LINESTRING(6.81368434620717 49.7248341051075,6.4747398132316 49.9224693104147)";-628.9879594
l306;"SRID=4326;LINESTRING(6.4747398132316 49.9224693104147,6.70228544511704 49.8289944400988)";208.2535763
l307;"SRID=4326;LINESTRING(6.6205356426611 49.7489386754597,6.4747398132316 49.9224693104147)";138.0319383
l308;"SRID=4326;LINESTRING(8.58869053015616 49.8155140535631,8.53151491196588 50.0478743425063)";-170.2017079
l309;"SRID=4326;LINESTRING(8.47137164222049 50.0972077629353,8.06573800300669 50.4060681719154)";-873.5574925
l310;"SRID=4326;LINESTRING(8.38855643052221 49.9823050863709,8.47137164222049 50.0972077629353)";-420.651956
l311;"SRID=4326;LINESTRING(8.38855643052221 49.9823050863709,8.47137164222049 50.0972077629353)";-305.3493737
l312;"SRID=4326;LINESTRING(8.53721905903123 50.078085052734,8.54248104018428 50.0959883311322)";-14.15981528
l313;"SRID=4326;LINESTRING(8.53721905903123 50.078085052734,8.54248104018428 50.0959883311322)";-14.15981528
l314;"SRID=4326;LINESTRING(8.77244299222179 49.9746686767501,8.58869053015616 49.8155140535631)";-220.8127276
l315;"SRID=4326;LINESTRING(8.77244299222179 49.9746686767501,8.58869053015616 49.8155140535631)";-220.8127276
l316;"SRID=4326;LINESTRING(8.77244299222179 49.9746686767501,8.98953621454728 50.0602551000841)";920.5647013
l317;"SRID=4326;LINESTRING(8.98953621454728 50.0602551000841,8.95870858956225 50.0826078209328)";739.7089886
l318;"SRID=4326;LINESTRING(8.77244299222179 49.9746686767501,8.95870858956225 50.0826078209328)";949.8004162
l319;"SRID=4326;LINESTRING(10.0837513310281 48.268867503254,10.3633843211809 47.7383368357565)";209.4296482
l320;"SRID=4326;LINESTRING(10.3633843211809 47.7383368357565,10.0821573814608 48.2660901922742)";-800.0429502
l321;"SRID=4326;LINESTRING(7.46150030545086 51.6146143296713,7.40354445433039 51.6444495221964)";949.6401191
l322;"SRID=4326;LINESTRING(7.35311188155085 51.5758105365035,7.40354445433039 51.6444495221964)";-52.38773041
l323;"SRID=4326;LINESTRING(7.52228012599778 51.5321980611413,7.7083185190139 51.6762033258373)";-256.1921945
l324;"SRID=4326;LINESTRING(7.7083185190139 51.6762033258373,7.71823231806437 51.6743422310609)";26.62410288
l325;"SRID=4326;LINESTRING(7.7083185190139 51.6762033258373,7.71554347208106 51.6736430903867)";-19.84785311
l326;"SRID=4326;LINESTRING(7.7083185190139 51.6762033258373,7.71459457000395 51.6730996766998)";-31.9248434
l327;"SRID=4326;LINESTRING(7.7083185190139 51.6762033258373,7.71270099798652 51.6726636796219)";30.35988094
l328;"SRID=4326;LINESTRING(7.99288732000281 51.6837077158762,7.98122158717143 51.6735262789774)";-696.4733537
l329;"SRID=4326;LINESTRING(7.99288732000281 51.6837077158762,7.97065695307765 51.6768446919669)";4.474327851
l330;"SRID=4326;LINESTRING(7.99288732000281 51.6837077158762,7.97065695307765 51.6768446919669)";4.482598328
l331;"SRID=4326;LINESTRING(8.41937108566179 49.6337357665925,7.79256713751168 49.8105487905969)";254.0721532
l332;"SRID=4326;LINESTRING(6.92013046576366 49.9705819072583,7.44948701423191 50.4025259728409)";-162.3097082
l333;"SRID=4326;LINESTRING(6.70228544511704 49.8289944400988,6.13982051606053 49.6685969450672)";-25.08439228
l334;"SRID=4326;LINESTRING(6.75552343093251 49.3648696290977,6.6205356426611 49.7489386754597)";438.5076771
l335;"SRID=4326;LINESTRING(8.41937108566179 49.6337357665925,8.40828876612783 49.5286235333031)";253.8145868
l336;"SRID=4326;LINESTRING(8.41937108566179 49.6337357665925,8.40828876612783 49.5286235333031)";253.9495741
l337;"SRID=4326;LINESTRING(8.41937108566179 49.6337357665925,8.41467466404663 49.7091468542437)";82.7926439
l338;"SRID=4326;LINESTRING(8.41937108566179 49.6337357665925,8.41467466404663 49.7091468542437)";82.89203483
l339;"SRID=4326;LINESTRING(8.41937108566179 49.6337357665925,7.72920204621049 49.4826474377754)";271.2980382
l340;"SRID=4326;LINESTRING(9.88280432069129 51.5155075368656,9.85139361305404 51.6491352561387)";451.1661088
l341;"SRID=4326;LINESTRING(8.78579308261945 48.5837674313704,8.87294280093827 48.310091303568)";-705.2819222
l342;"SRID=4326;LINESTRING(8.78579308261945 48.5837674313704,9.04543499281662 48.9029620391364)";496.7813187
l343;"SRID=4326;LINESTRING(9.80131720045512 47.6525043492184,9.81091693259485 47.1426453017769)";79.1408196
l344;"SRID=4326;LINESTRING(9.42551240461559 48.06435084547,9.81091693259485 47.1426453017769)";76.26744623
l345;"SRID=4326;LINESTRING(8.30775696202904 52.3456357754793,8.10495964382999 52.2642614054462)";145.1855094
l346;"SRID=4326;LINESTRING(11.8132329291411 48.2212664672329,12.1301906386214 47.9131654927098)";162.3473079
l347;"SRID=4326;LINESTRING(6.77252314401924 51.1471055233119,6.80182365898612 51.124788107918)";-1.844808093
l348;"SRID=4326;LINESTRING(6.77252314401924 51.1471055233119,6.80182365898612 51.124788107918)";-2.040214161
l349;"SRID=4326;LINESTRING(6.7097559453279 51.0909324851035,6.77252314401924 51.1471055233119)";91.72315574
l350;"SRID=4326;LINESTRING(8.62480055555283 51.4278884079658,8.2117054289867 51.1779850077285)";-762.3578805
l351;"SRID=4326;LINESTRING(8.99279243937742 51.3430094105575,8.62480055555283 51.4278884079658)";-731.3769809
l352;"SRID=4326;LINESTRING(8.99279243937742 51.3430094105575,8.62480055555283 51.4278884079658)";-731.28922
l353;"SRID=4326;LINESTRING(7.98506747780853 50.8422254631609,7.86394571439194 50.7682419302039)";83.50045569
l354;"SRID=4326;LINESTRING(8.28486180869833 50.7590735041179,7.86394571439194 50.7682419302039)";-272.3253446
l355;"SRID=4326;LINESTRING(7.22423843379854 53.349927162548,7.20605287251855 53.3413192735744)";-15.3222224
l356;"SRID=4326;LINESTRING(8.08565060815886 53.6058342194744,8.06005701182283 53.6202026205826)";33.54697526
l357;"SRID=4326;LINESTRING(9.31819528207498 54.7160494380133,9.27063393311954 55.0370264929238)";169.6821656
l358;"SRID=4326;LINESTRING(9.31819528207498 54.7160494380133,9.43342737750221 55.0187237565518)";105.7467357
l359;"SRID=4326;LINESTRING(7.43348672766729 50.4365192111658,7.44948701423191 50.4025259728409)";-138.3811645
l360;"SRID=4326;LINESTRING(7.59330185837014 50.3859438273488,7.44948701423191 50.4025259728409)";-271.9806451
l361;"SRID=4326;LINESTRING(8.122642304058 53.5605160665145,8.12215705538293 53.5658323327544)";-37.28946454
l362;"SRID=4326;LINESTRING(8.122642304058 53.5605160665145,8.08565060815886 53.6058342194744)";41.4541821
l363;"SRID=4326;LINESTRING(11.6389126099956 52.2687358982154,11.727353429381 52.5689470103264)";115.6970009
l364;"SRID=4326;LINESTRING(9.98460987842098 53.7411288196703,9.20210266340539 53.8951623622383)";106.7742518
l365;"SRID=4326;LINESTRING(9.98460987842098 53.7411288196703,10.1575057595216 53.5551266364644)";-366.2937022
l366;"SRID=4326;LINESTRING(11.6389126099956 52.2687358982154,11.5615085243446 52.1239035693175)";91.74275176
l367;"SRID=4326;LINESTRING(11.6389126099956 52.2687358982154,11.5615085243446 52.1239035693175)";91.72918771
l368;"SRID=4326;LINESTRING(11.6389126099956 52.2687358982154,12.1869848529515 53.8157751978716)";42.10741997
l369;"SRID=4326;LINESTRING(11.6389126099956 52.2687358982154,12.1869848529515 53.8157751978716)";42.09551794
l370;"SRID=4326;LINESTRING(13.078642146735 54.2848461827889,12.2135605906601 54.1119998916809)";24.52340524
l371;"SRID=4326;LINESTRING(14.4762521312891 53.1967495435604,14.2708346906575 53.0962865828729)";-123.7014505
l372;"SRID=4326;LINESTRING(12.8139099558581 50.8579185289825,13.3823234132251 51.3559961800368)";-502.6902676
l373;"SRID=4326;LINESTRING(12.8139099558581 50.8579185289825,13.3823234132251 51.3559961800368)";-502.7387086
l374;"SRID=4326;LINESTRING(12.8139099558581 50.8579185289825,12.0449825821974 50.7812567747087)";-41.18083638
l375;"SRID=4326;LINESTRING(12.8139099558581 50.8579185289825,12.518222136544 51.157072596162)";-211.1106612
l376;"SRID=4326;LINESTRING(12.518222136544 51.157072596162,12.0449825821974 50.7812567747087)";66.10928493
l377;"SRID=4326;LINESTRING(12.8139099558581 50.8579185289825,11.6463786860412 50.5348769896165)";-174.2712269
l378;"SRID=4326;LINESTRING(12.8139099558581 50.8579185289825,12.0449825821974 50.7812567747087)";-250.7197136
l379;"SRID=4326;LINESTRING(11.6463786860412 50.5348769896165,12.0449825821974 50.7812567747087)";56.04575423
l380;"SRID=4326;LINESTRING(8.08162672435001 52.8586374919795,8.05283756803222 53.3338809660191)";-85.37702697
l381;"SRID=4326;LINESTRING(8.08162672435001 52.8586374919795,8.05283756803222 53.3338809660191)";-85.37702697
l382;"SRID=4326;LINESTRING(7.22423843379854 53.349927162548,8.05283756803222 53.3338809660191)";-53.16437587
l383;"SRID=4326;LINESTRING(7.22423843379854 53.349927162548,8.05283756803222 53.3338809660191)";-53.15134995
l384;"SRID=4326;LINESTRING(9.88280432069129 51.5155075368656,9.56710206574622 51.325257359953)";-272.9277225
l385;"SRID=4326;LINESTRING(9.88280432069129 51.5155075368656,9.56710206574622 51.325257359953)";-272.9109517
l386;"SRID=4326;LINESTRING(8.30775696202904 52.3456357754793,7.88957673752775 52.2773967844269)";-5.118877997
l387;"SRID=4326;LINESTRING(8.10495964382999 52.2642614054462,7.88957673752775 52.2773967844269)";-184.1431167
l388;"SRID=4326;LINESTRING(8.10495964382999 52.2642614054462,7.88957673752775 52.2773967844269)";-184.1431167
l389;"SRID=4326;LINESTRING(12.0074138795974 55.4515085212621,12.2147735094259 54.1003234808405)";124
l390;"SRID=4326;LINESTRING(7.88957673752775 52.2773967844269,7.74679252616918 52.2885115307228)";-253.4156738
l391;"SRID=4326;LINESTRING(8.12061826655718 48.7053527235337,7.91072937298184 48.501288357463)";65.27866408
l392;"SRID=4326;LINESTRING(7.72570638711988 52.2771949193371,7.88957673752775 52.2773967844269)";-68.24703443
l393;"SRID=4326;LINESTRING(10.4149924241538 53.4126068813272,11.3706374165175 53.6009910913085)";59.20737177
l394;"SRID=4326;LINESTRING(10.4149924241538 53.4126068813272,11.6993927384808 53.5722744896829)";35.66163926
l395;"SRID=4326;LINESTRING(14.5081092115389 51.4137104048148,14.2192283642215 51.1207080075153)";280.2971849
l396;"SRID=4326;LINESTRING(14.5081092115389 51.4137104048148,14.2192283642215 51.1207080075153)";280.3580463
l397;"SRID=4326;LINESTRING(14.5081092115389 51.4137104048148,14.5700866006585 51.4190137129385)";33.00075339
l398;"SRID=4326;LINESTRING(14.5081092115389 51.4137104048148,14.5700866006585 51.4190137129385)";32.03644566
l399;"SRID=4326;LINESTRING(14.5081092115389 51.4137104048148,14.5700866006585 51.4190137129385)";29.48961525
l400;"SRID=4326;LINESTRING(14.5081092115389 51.4137104048148,14.5700866006585 51.4190137129385)";30.15655643
l401;"SRID=4326;LINESTRING(11.5615085243446 52.1239035693175,11.6441811640088 51.9085129245988)";-78.55607417
l402;"SRID=4326;LINESTRING(11.5615085243446 52.1239035693175,11.6441811640088 51.9085129245988)";-78.57067676
l403;"SRID=4326;LINESTRING(11.6389126099956 52.2687358982154,11.6441811640088 51.9085129245988)";-19.71005238
l404;"SRID=4326;LINESTRING(11.6441811640088 51.9085129245988,13.9024347133056 51.874723530085)";-140.6422346
l405;"SRID=4326;LINESTRING(11.6441811640088 51.9085129245988,13.9024347133056 51.874723530085)";-140.6508578
l406;"SRID=4326;LINESTRING(11.6389126099956 52.2687358982154,11.6441811640088 51.9085129245988)";-19.74117075
l407;"SRID=4326;LINESTRING(11.6463786860412 50.5348769896165,11.4746908484648 50.6040154986165)";38.86794043
l408;"SRID=4326;LINESTRING(11.6463786860412 50.5348769896165,11.4746908484648 50.6040154986165)";38.79079759
l409;"SRID=4326;LINESTRING(11.6463786860412 50.5348769896165,10.9910146509867 50.5735270149254)";-159.1512187
l410;"SRID=4326;LINESTRING(11.6463786860412 50.5348769896165,10.9910146509867 50.5735270149254)";-159.2617755
l411;"SRID=4326;LINESTRING(7.44506932534523 51.6185001200754,7.46150030545086 51.6146143296713)";980
l412;"SRID=4326;LINESTRING(10.366274939217 52.2846467643429,10.5054991845412 52.3018379177997)";308.060021
l413;"SRID=4326;LINESTRING(9.52257601112577 52.3604090734199,9.11321011483187 52.5438533448625)";-142.0360808
l414;"SRID=4326;LINESTRING(9.12526574244048 52.5382641233458,9.11362801252575 52.5457924965917)";8.313145564
l415;"SRID=4326;LINESTRING(9.12526574244048 52.5382641233458,9.11362801252575 52.5457924965917)";10.31335679
l416;"SRID=4326;LINESTRING(9.11321011483187 52.5438533448625,9.25103429423424 53.1144323213021)";180.6523725
l417;"SRID=4326;LINESTRING(9.38974515063535 52.0263130791669,9.12526574244048 52.5382641233458)";82.65785066
l418;"SRID=4326;LINESTRING(10.366274939217 52.2846467643429,10.369230142447 52.1670924591566)";33.42643562
l419;"SRID=4326;LINESTRING(10.366274939217 52.2846467643429,10.4195406715655 52.236960686926)";59.55540016
l420;"SRID=4326;LINESTRING(10.369230142447 52.1670924591566,10.0876468394791 52.3151305685128)";62.8849707
l421;"SRID=4326;LINESTRING(8.51888183670623 53.2026352879915,8.05283756803222 53.3338809660191)";-721.5409413
l422;"SRID=4326;LINESTRING(10.366274939217 52.2846467643429,9.91814868737007 52.3799963378317)";2.965043453
l423;"SRID=4326;LINESTRING(6.97257748891579 50.795693016675,6.70219721289106 51.0088597430362)";-704.848201
l424;"SRID=4326;LINESTRING(6.84265069037124 50.8635385173748,6.97257748891579 50.795693016675)";764.1666697
l425;"SRID=4326;LINESTRING(12.262173544509 51.7410202813412,13.9024347133056 51.874723530085)";-124.141763
l426;"SRID=4326;LINESTRING(13.9024347133056 51.874723530085,13.3823234132251 51.3559961800368)";208.7464671
l427;"SRID=4326;LINESTRING(13.9024347133056 51.874723530085,13.3823234132251 51.3559961800368)";208.7206727
l428;"SRID=4326;LINESTRING(8.30775696202904 52.3456357754793,8.10495964382999 52.2642614054462)";145.0962405
l429;"SRID=4326;LINESTRING(8.40314145213673 52.609644032024,8.30775696202904 52.3456357754793)";119.472871
l430;"SRID=4326;LINESTRING(10.7610404155909 52.3677293936344,10.366274939217 52.2846467643429)";-301.712506
l431;"SRID=4326;LINESTRING(10.366274939217 52.2846467643429,10.2358631776837 52.2934595593518)";-1593.549053
l432;"SRID=4326;LINESTRING(11.1228546271538 50.9989090757631,10.9910146509867 50.5735270149254)";561.6159941
l433;"SRID=4326;LINESTRING(10.366274939217 52.2846467643429,10.3822011082464 52.9932426669735)";517.2321327
l434;"SRID=4326;LINESTRING(10.366274939217 52.2846467643429,10.3822011082464 52.9932426669735)";517.2020271
l435;"SRID=4326;LINESTRING(10.3787706356666 53.2197927695925,10.3822011082464 52.9932426669735)";-460.2066005
l436;"SRID=4326;LINESTRING(9.51424013881917 51.2590355982966,9.38765132401603 51.6407335383064)";-1638.712525
l437;"SRID=4326;LINESTRING(9.25938384941478 51.0603668957955,9.51424013881917 51.2590355982966)";-1414.943347
l438;"SRID=4326;LINESTRING(8.95870858956225 50.0826078209328,9.77415048127863 50.5287496740774)";208.2027904
l439;"SRID=4326;LINESTRING(9.74615085631454 50.9168400022101,9.77415048127863 50.5287496740774)";53.62005601
l440;"SRID=4326;LINESTRING(9.17745969579698 49.0378098900202,9.17731116526151 49.0393782085421)";934.9310792
l441;"SRID=4326;LINESTRING(9.15135403252636 49.1433834351561,9.17731116526151 49.0393782085421)";-863.657185
l442;"SRID=4326;LINESTRING(10.1878290378895 49.9812166954503,9.44691873439718 49.5902629413636)";-1220.389507
l443;"SRID=4326;LINESTRING(9.15135403252636 49.1433834351561,9.20736452076848 49.176638012732)";308.8262271
l444;"SRID=4326;LINESTRING(9.15135403252636 49.1433834351561,9.69465642193277 49.232592562812)";683.8166953
l445;"SRID=4326;LINESTRING(10.1174867467825 48.8971053680956,9.69465642193277 49.232592562812)";-588.5152914
l446;"SRID=4326;LINESTRING(10.1878290378895 49.9812166954503,9.69465642193277 49.232592562812)";155.6988767
l447;"SRID=4326;LINESTRING(9.15135403252636 49.1433834351561,9.04543499281662 48.9029620391364)";-426.050083
l448;"SRID=4326;LINESTRING(12.3374245625186 51.1969579483496,12.518222136544 51.157072596162)";-54.53112023
l449;"SRID=4326;LINESTRING(12.518222136544 51.157072596162,13.3823234132251 51.3559961800368)";-872.6569346
l450;"SRID=4326;LINESTRING(12.3374245625186 51.1969579483496,11.1228546271538 50.9989090757631)";22.97510446
l451;"SRID=4326;LINESTRING(11.3704263094168 48.2914922548393,10.8675659384379 48.5394691326321)";-663.8638423
l452;"SRID=4326;LINESTRING(10.8408696020982 48.2380310170111,10.9367289569552 48.401306480313)";579.8549571
l453;"SRID=4326;LINESTRING(10.8675659384379 48.5394691326321,10.8408696020982 48.2380310170111)";-574.4656949
l454;"SRID=4326;LINESTRING(10.3633843211809 47.7383368357565,10.8739358089409 47.2444239523258)";9.564702909
l455;"SRID=4326;LINESTRING(10.3633843211809 47.7383368357565,10.8739358089409 47.2444239523258)";36.51717011
l456;"SRID=4326;LINESTRING(10.8675659384379 48.5394691326321,10.8637616674018 48.5468231412265)";141.029534
l457;"SRID=4326;LINESTRING(10.8675659384379 48.5394691326321,10.9367289569552 48.401306480313)";-300.1444812
l458;"SRID=4326;LINESTRING(9.42551240461559 48.06435084547,9.19675654948238 48.9129634543149)";-28.54968075
l459;"SRID=4326;LINESTRING(9.42551240461559 48.06435084547,9.19078746567264 48.9144168850357)";303.980439
l460;"SRID=4326;LINESTRING(9.70421892134793 48.4649756550866,9.88551515679306 48.3040743800139)";366.2424157
l461;"SRID=4326;LINESTRING(9.40058897366435 48.6669524232075,9.70421892134793 48.4649756550866)";504.5117104
l462;"SRID=4326;LINESTRING(7.47224785884145 47.6466324195086,7.7525434408724 47.5391133569052)";307.416328
l463;"SRID=4326;LINESTRING(7.95807590404246 47.595477987414,8.31334018942867 49.0090434774209)";-174.4499695
l464;"SRID=4326;LINESTRING(7.57243737559791 48.0188750160839,7.75186259053916 48.0964057598548)";108.5110208
l465;"SRID=4326;LINESTRING(12.8139099558581 50.8579185289825,12.4772465439526 50.753120094381)";101.0989255
l466;"SRID=4326;LINESTRING(12.8139099558581 50.8579185289825,13.3264050703954 50.3463722141376)";731.7592398
l467;"SRID=4326;LINESTRING(14.9464971571741 51.0625863042971,14.2192283642215 51.1207080075153)";462.9416717
l468;"SRID=4326;LINESTRING(14.9464971571741 51.0625863042971,15.1149656392042 51.0905747712724)";235.8219625
l469;"SRID=4326;LINESTRING(14.9464971571741 51.0625863042971,15.1149656392042 51.0905747712724)";235.8219625
l470;"SRID=4326;LINESTRING(12.8139099558581 50.8579185289825,13.8412681302394 50.9901759706559)";-357.4528488
l471;"SRID=4326;LINESTRING(13.8412681302394 50.9901759706559,13.255555029778 50.9301782754208)";443.3524596
l472;"SRID=4326;LINESTRING(12.8139099558581 50.8579185289825,13.255555029778 50.9301782754208)";-248.8802684
l473;"SRID=4326;LINESTRING(10.8431178304875 49.3786927451193,11.5813705373931 48.7648940914575)";1212.030704
l474;"SRID=4326;LINESTRING(13.0818771402069 48.2565212678656,13.0027821493857 48.2619682848282)";-12.4224704
l475;"SRID=4326;LINESTRING(12.2208353829454 48.585732999856,13.0818771402069 48.2565212678656)";64.92022973
l476;"SRID=4326;LINESTRING(12.2208353829454 48.585732999856,13.0027821493857 48.2619682848282)";66.53751283
l477;"SRID=4326;LINESTRING(13.0818771402069 48.2565212678656,12.7474625154349 48.1487453495297)";107.9451273
l478;"SRID=4326;LINESTRING(13.1034346835086 48.6667929839894,12.7474625154349 48.1487453495297)";26.54757647
l479;"SRID=4326;LINESTRING(13.1034346835086 48.6667929839894,13.0818771402069 48.2565212678656)";-47.10427069
l480;"SRID=4326;LINESTRING(9.27063393311954 55.0370264929238,9.19699688149761 54.8510976310855)";50.68216556
l481;"SRID=4326;LINESTRING(11.1937143678616 50.162202113478,11.6463786860412 50.5348769896165)";-96.94204175
l482;"SRID=4326;LINESTRING(10.8360157761226 49.9280674466811,10.1878290378895 49.9812166954503)";-1077.001025
l483;"SRID=4326;LINESTRING(11.1937143678616 50.162202113478,10.6642589717763 49.9799858916058)";20.77278945
l484;"SRID=4326;LINESTRING(11.1937143678616 50.162202113478,10.8360157761226 49.9280674466811)";-898.8150648
l485;"SRID=4326;LINESTRING(11.1937143678616 50.162202113478,11.8107025878306 50.1837655408821)";435.2591462
l486;"SRID=4326;LINESTRING(12.1147699347953 49.6311522364994,11.8107025878306 50.1837655408821)";-54.82298786
l487;"SRID=4326;LINESTRING(13.1034346835086 48.6667929839894,12.2968838072508 48.6069099365163)";717.7360905
l488;"SRID=4326;LINESTRING(12.082254511457 49.2974477819197,12.1147699347953 49.6311522364994)";-1082.181484
l489;"SRID=4326;LINESTRING(13.1034346835086 48.6667929839894,12.082254511457 49.2974477819197)";-679.3532573
l490;"SRID=4326;LINESTRING(8.77244299222179 49.9746686767501,8.38855643052221 49.9823050863709)";-788.1300703
l491;"SRID=4326;LINESTRING(8.77244299222179 49.9746686767501,8.95368125793136 49.5674432054231)";127.6257836
l492;"SRID=4326;LINESTRING(14.9464971571741 51.0625863042971,14.2192283642215 51.1207080075153)";462.9416717
l493;"SRID=4326;LINESTRING(13.8412681302394 50.9901759706559,14.2192283642215 51.1207080075153)";-1307.525631
l494;"SRID=4326;LINESTRING(12.2488239333733 51.197882455184,12.518222136544 51.157072596162)";-388.4852953
l495;"SRID=4326;LINESTRING(12.2488239333733 51.197882455184,10.7346694131288 51.4401867876631)";-0.163470063
l496;"SRID=4326;LINESTRING(12.518222136544 51.157072596162,10.7346694131288 51.4401867876631)";65.79829771
l497;"SRID=4326;LINESTRING(11.0049169401521 50.5074149865379,10.9910146509867 50.5735270149254)";-63.70531839
l498;"SRID=4326;LINESTRING(12.8139099558581 50.8579185289825,13.0025899280761 50.8659127554399)";96.78574758
l499;"SRID=4326;LINESTRING(12.0449825821974 50.7812567747087,12.2428369607183 50.5674531847227)";-440.5941977
l500;"SRID=4326;LINESTRING(11.1228546271538 50.9989090757631,10.7346694131288 51.4401867876631)";148.650039
l501;"SRID=4326;LINESTRING(11.1228546271538 50.9989090757631,10.7346694131288 51.4401867876631)";148.6568196
l502;"SRID=4326;LINESTRING(11.8942662085419 51.4057031779769,11.1228546271538 50.9989090757631)";223.1794228
l503;"SRID=4326;LINESTRING(11.8942662085419 51.4057031779769,11.1228546271538 50.9989090757631)";223.1880027
l504;"SRID=4326;LINESTRING(13.2490284051015 52.5316239158784,13.3155159230367 52.521999382843)";-119.9667247
l505;"SRID=4326;LINESTRING(13.3686540366335 52.5031475699387,13.4564307414427 52.521451771614)";-1091.958917
l506;"SRID=4326;LINESTRING(13.5241987812625 52.5356343208068,13.4564307414427 52.521451771614)";1989.382371
l507;"SRID=4326;LINESTRING(13.3686540366335 52.5031475699387,13.3155159230367 52.521999382843)";224.9165814
l508;"SRID=4326;LINESTRING(13.2115276810432 52.5806278358522,13.2490284051015 52.5316239158784)";-45.71682563
l509;"SRID=4326;LINESTRING(11.7924138767477 48.8382240603814,12.2208353829454 48.585732999856)";221.2119297
l510;"SRID=4326;LINESTRING(11.7924138767477 48.8382240603814,11.3269542156337 49.3934813535393)";-598.7235464
l511;"SRID=4326;LINESTRING(12.082254511457 49.2974477819197,11.3269542156337 49.3934813535393)";102.77967
l512;"SRID=4326;LINESTRING(11.7924138767477 48.8382240603814,11.5077306291349 48.7611239826781)";242.2494567
l513;"SRID=4326;LINESTRING(12.082254511457 49.2974477819197,11.8107025878306 50.1837655408821)";-103.2481626
l514;"SRID=4326;LINESTRING(11.8132329291411 48.2212664672329,11.8076056990284 48.4554268046327)";-263.7362033
l515;"SRID=4326;LINESTRING(11.8076056990284 48.4554268046327,11.5813705373931 48.7648940914575)";-387.3807771
l516;"SRID=4326;LINESTRING(11.868156362746 48.206802931481,11.5813705373931 48.7648940914575)";-1202.988813
l517;"SRID=4326;LINESTRING(11.6393121226285 48.1787834513521,11.868156362746 48.206802931481)";-802.4098465
l518;"SRID=4326;LINESTRING(11.6393121226285 48.1787834513521,11.868156362746 48.206802931481)";-805.8239691
l519;"SRID=4326;LINESTRING(11.868156362746 48.206802931481,12.2968838072508 48.6069099365163)";-732.0598243
l520;"SRID=4326;LINESTRING(10.0837513310281 48.268867503254,10.0821573814608 48.2660901922742)";-746.8949449
l521;"SRID=4326;LINESTRING(10.8408696020982 48.2380310170111,10.0837513310281 48.268867503254)";-651.8014589
l522;"SRID=4326;LINESTRING(8.25192553682682 47.6397698245713,7.75186259053916 48.0964057598548)";1.962128931
l523;"SRID=4326;LINESTRING(7.75186259053916 48.0964057598548,7.91072937298184 48.501288357463)";-83.14469558
l524;"SRID=4326;LINESTRING(6.17791450795649 49.9530651407752,6.4747398132316 49.9224693104147)";351.6449933
l525;"SRID=4326;LINESTRING(6.21102035001899 49.958625762817,6.17791450795649 49.9530651407752)";243.0211611
l526;"SRID=4326;LINESTRING(6.11451707744375 49.9053646883447,6.21102035001899 49.958625762817)";780.0715623
l527;"SRID=4326;LINESTRING(6.21102035001899 49.958625762817,6.08346046717716 49.7764406544559)";-514.4194477
l528;"SRID=4326;LINESTRING(6.27694180505096 49.1977400931517,6.77320788478575 49.2910742282334)";422.3708537
l529;"SRID=4326;LINESTRING(6.77320788478575 49.2910742282334,6.70365123666852 49.1385106493524)";-161.9422814
l530;"SRID=4326;LINESTRING(8.25192553682682 47.6397698245713,8.04936553586669 47.5508771216161)";-390.7508567
l531;"SRID=4326;LINESTRING(7.52228012599778 51.5321980611413,7.50006180009675 51.5351741198659)";483.0183067
l532;"SRID=4326;LINESTRING(6.96568445966487 51.0693295406357,6.97593259448086 51.0376007513607)";170.5349001
l533;"SRID=4326;LINESTRING(13.2428490525397 52.534954010528,13.2490284051015 52.5316239158784)";-36.71257586
l534;"SRID=4326;LINESTRING(9.04543499281662 48.9029620391364,8.56218199023421 49.1329499430444)";-1344.651809
l535;"SRID=4326;LINESTRING(8.4384675602346 49.2524597535318,8.62320969485988 49.356582256425)";-738.9287141
l536;"SRID=4326;LINESTRING(8.44131550430227 49.2514026918789,8.56218199023421 49.1329499430444)";1327.47564
l537;"SRID=4326;LINESTRING(7.95807590404246 47.595477987414,7.94281005788411 47.6530213753111)";47.0379547
l538;"SRID=4326;LINESTRING(7.95807590404246 47.595477987414,7.94281005788411 47.6530213753111)";46.91573057
l539;"SRID=4326;LINESTRING(9.50178971212981 53.5428143880013,9.06879107734103 53.5666414353503)";-718.9544315
l540;"SRID=4326;LINESTRING(8.51888183670623 53.2026352879915,9.06879107734103 53.5666414353503)";827.6219009
l541;"SRID=4326;LINESTRING(6.75552343093251 49.3648696290977,6.74137616899692 49.3574919769119)";54.86522494
l542;"SRID=4326;LINESTRING(6.75552343093251 49.3648696290977,6.74970012443072 49.3651763762001)";-278.8099572
l543;"SRID=4326;LINESTRING(6.75552343093251 49.3648696290977,6.76601568493305 49.3600771974691)";16.91882129
l544;"SRID=4326;LINESTRING(6.99647662277982 49.3754093214106,6.77320788478575 49.2910742282334)";-382.4957651
l545;"SRID=4326;LINESTRING(6.21102035001899 49.958625762817,6.4747398132316 49.9224693104147)";808.6688539
l546;"SRID=4326;LINESTRING(6.21102035001899 49.958625762817,6.17791450795649 49.9530651407752)";243.0211611
l547;"SRID=4326;LINESTRING(11.1937143678616 50.162202113478,11.6463786860412 50.5348769896165)";-96.95935128
l548;"SRID=4326;LINESTRING(12.082254511457 49.2974477819197,12.1504016727645 49.0127518366844)";-27.67034383
l549;"SRID=4326;LINESTRING(7.60711615834737 51.8986046345034,7.59135990137681 51.9284416773768)";359.027454
l550;"SRID=4326;LINESTRING(8.44554253599103 48.9860882032815,8.45163254550249 49.0073972031011)";229.8218506
l551;"SRID=4326;LINESTRING(8.9396926172441 52.4030332405173,8.99620820363651 52.3795880192563)";25.34446951
l552;"SRID=4326;LINESTRING(9.56282339901178 48.7014898485108,9.3709192851844 48.7191279915177)";-303.3497296
l553;"SRID=4326;LINESTRING(9.3709192851844 48.7191279915177,9.37760581754005 48.8126068944115)";-235.6769155
l554;"SRID=4326;LINESTRING(9.40058897366435 48.6669524232075,9.37760581754005 48.8126068944115)";322.6180981
l555;"SRID=4326;LINESTRING(9.82158388744515 52.4248552966861,10.0876468394791 52.3151305685128)";-254.0231748
l556;"SRID=4326;LINESTRING(9.15135403252636 49.1433834351561,9.07622547939074 49.3633869809985)";76.14329139
l557;"SRID=4326;LINESTRING(10.1603033138907 49.9891567446732,10.1878290378895 49.9812166954503)";28.2570819
l558;"SRID=4326;LINESTRING(10.1603033138907 49.9891567446732,10.1964916419935 50.0279724289148)";-865.5941242
l559;"SRID=4326;LINESTRING(10.8431178304875 49.3786927451193,10.1603033138907 49.9891567446732)";-412.4144081
l560;"SRID=4326;LINESTRING(8.95870858956225 50.0826078209328,9.09051758008411 49.970041398809)";745.8520424
l561;"SRID=4326;LINESTRING(8.95870858956225 50.0826078209328,10.1878290378895 49.9812166954503)";48.64308937
l562;"SRID=4326;LINESTRING(9.09051758008411 49.970041398809,10.1878290378895 49.9812166954503)";-142.8505506
l563;"SRID=4326;LINESTRING(10.1603033138907 49.9891567446732,10.1878290378895 49.9812166954503)";97.71854613
l564;"SRID=4326;LINESTRING(10.1603033138907 49.9891567446732,10.1878290378895 49.9812166954503)";99.77695352
l565;"SRID=4326;LINESTRING(7.79256713751168 49.8105487905969,7.72920204621049 49.4826474377754)";37.20374928
l566;"SRID=4326;LINESTRING(8.6593729546501 51.9996101360209,8.70221847039735 51.7363525890089)";-1195.95192
l567;"SRID=4326;LINESTRING(8.6593729546501 51.9996101360209,8.81399422708791 51.9834366629029)";88.60036774
l568;"SRID=4326;LINESTRING(8.9322184779311 52.1933124598334,8.81399422708791 51.9834366629029)";-22.66075782
l569;"SRID=4326;LINESTRING(8.6593729546501 51.9996101360209,8.9322184779311 52.1933124598334)";79.77842792
l570;"SRID=4326;LINESTRING(8.95904416676652 52.2784949940029,8.9322184779311 52.1933124598334)";-52.75688187
l571;"SRID=4326;LINESTRING(9.59430167337064 49.7984427353847,9.09051758008411 49.970041398809)";-839.517091
l572;"SRID=4326;LINESTRING(11.1937143678616 50.162202113478,10.9729039325696 49.5585074124969)";662.4556395
l573;"SRID=4326;LINESTRING(10.8431178304875 49.3786927451193,11.106734232098 49.9790817250407)";13.71879348
l574;"SRID=4326;LINESTRING(10.8431178304875 49.3786927451193,10.9729039325696 49.5585074124969)";116.5154421
l575;"SRID=4326;LINESTRING(8.95464418290241 50.0860157590432,9.09051758008411 49.970041398809)";169.3955755
l576;"SRID=4326;LINESTRING(10.8431178304875 49.3786927451193,9.59430167337064 49.7984427353847)";-1960
l577;"SRID=4326;LINESTRING(7.17937918293452 51.4722019618656,7.17590444499639 51.4755782661564)";-31.65615838
l578;"SRID=4326;LINESTRING(10.7610404155909 52.3677293936344,10.9993330683763 52.2001420103124)";126.4824961
l579;"SRID=4326;LINESTRING(10.9993330683763 52.2001420103124,10.9772332757472 52.1694333350195)";118.8435071
l580;"SRID=4326;LINESTRING(11.6389126099956 52.2687358982154,10.9993330683763 52.2001420103124)";-243.1621524
l581;"SRID=4326;LINESTRING(11.6389126099956 52.2687358982154,10.9993330683763 52.2001420103124)";-243.0624181
l582;"SRID=4326;LINESTRING(10.2316415853389 48.5297622821597,9.88551515679306 48.3040743800139)";176.3400201
l583;"SRID=4326;LINESTRING(10.2224358208891 48.7367219779685,10.1174867467825 48.8971053680956)";-602.9399764
l584;"SRID=4326;LINESTRING(9.80131720045512 47.6525043492184,9.64533508631729 47.744596124126)";70.68940885
l585;"SRID=4326;LINESTRING(10.4015869070369 48.509929747715,10.3917760727113 48.51846091102)";-81.20928694
l586;"SRID=4326;LINESTRING(8.80962335538861 50.2034747936076,8.61862776799214 50.0922498216736)";349.5659758
l587;"SRID=4326;LINESTRING(8.80962335538861 50.2034747936076,8.95870858956225 50.0826078209328)";-649.9257307
l588;"SRID=4326;LINESTRING(9.34476101692227 53.9218370813918,9.72592506135105 54.2877858945732)";48.60636427
l589;"SRID=4326;LINESTRING(14.4281805295455 51.888864175856,13.9024347133056 51.874723530085)";877.5647292
l590;"SRID=4326;LINESTRING(14.4281805295455 51.888864175856,13.9024347133056 51.874723530085)";877.2411285
l591;"SRID=4326;LINESTRING(13.3823234132251 51.3559961800368,14.5081092115389 51.4137104048148)";-393.6618935
l592;"SRID=4326;LINESTRING(13.3823234132251 51.3559961800368,14.5081092115389 51.4137104048148)";-393.6116217
l593;"SRID=4326;LINESTRING(14.4281805295455 51.888864175856,13.3823234132251 51.3559961800368)";427.9097929
l594;"SRID=4326;LINESTRING(14.4281805295455 51.888864175856,13.3823234132251 51.3559961800368)";428.0154601
l595;"SRID=4326;LINESTRING(9.09711497138979 48.8277733233867,9.04543499281662 48.9029620391364)";-330.2525057
l596;"SRID=4326;LINESTRING(8.6593729546501 51.9996101360209,8.9322184779311 52.1933124598334)";74.28499007
l597;"SRID=4326;LINESTRING(8.6593729546501 51.9996101360209,8.62886498196432 51.9936340947976)";156.0950801
l598;"SRID=4326;LINESTRING(8.62886498196432 51.9936340947976,8.9322184779311 52.1933124598334)";75.45213197
l599;"SRID=4326;LINESTRING(10.0604081360095 54.3487708354365,9.72699275106814 54.2914209859116)";-50.87574947
l600;"SRID=4326;LINESTRING(10.1562825155965 54.2755482828972,10.0604081360095 54.3487708354365)";-57.9808699
l601;"SRID=4326;LINESTRING(9.20210266340539 53.8951623622383,9.44963659025525 53.9672865006218)";28.51148531
l602;"SRID=4326;LINESTRING(6.99647662277982 49.3754093214106,6.70228544511704 49.8289944400988)";-145.0507778
l603;"SRID=4326;LINESTRING(8.04936553586669 47.5508771216161,7.95807590404246 47.595477987414)";-151.0154962
l604;"SRID=4326;LINESTRING(8.04936553586669 47.5508771216161,7.95807590404246 47.595477987414)";-211.243022
l605;"SRID=4326;LINESTRING(8.25885999852837 47.634211656147,8.04936553586669 47.5508771216161)";-225.7592759
l606;"SRID=4326;LINESTRING(8.25885999852837 47.634211656147,8.23211264237636 47.5560892850149)";-162.2075945
l607;"SRID=4326;LINESTRING(8.25885999852837 47.634211656147,8.23211264237636 47.5560892850149)";-78.96587937
l608;"SRID=4326;LINESTRING(7.95807590404246 47.595477987414,7.7525434408724 47.5391133569052)";-132.0102783
l609;"SRID=4326;LINESTRING(8.61664770595698 48.0659538545522,8.04936553586669 47.5508771216161)";-219.5021217
l610;"SRID=4326;LINESTRING(9.01340237137239 47.84534861265,8.8615258022405 47.8064353563593)";-110.4512569
l611;"SRID=4326;LINESTRING(8.25192553682682 47.6397698245713,8.8615258022405 47.8064353563593)";63.49030286
l612;"SRID=4326;LINESTRING(13.1456729795316 55.5016026150068,10.802357996432 53.897547454034)";1.474728195
l613;"SRID=4326;LINESTRING(8.25192553682682 47.6397698245713,8.25885999852837 47.634211656147)";130.1014321
l614;"SRID=4326;LINESTRING(9.19078746567264 48.9144168850357,9.04543499281662 48.9029620391364)";243.8774884
l615;"SRID=4326;LINESTRING(9.21565020993259 48.8523053561223,9.04543499281662 48.9029620391364)";-1270.387198
l616;"SRID=4326;LINESTRING(10.4012810931809 48.5146095739848,10.3917760727113 48.51846091102)";-1.533274734
l617;"SRID=4326;LINESTRING(8.6593729546501 51.9996101360209,8.7375726951153 51.7001693121241)";165.4640302
l618;"SRID=4326;LINESTRING(9.98853665499904 53.7662776782512,10.6414677999401 53.9191626781128)";326.6529723
l619;"SRID=4326;LINESTRING(10.8431178304875 49.3786927451193,11.3269542156337 49.3934813535393)";405.4928386
l620;"SRID=4326;LINESTRING(9.15135403252636 49.1433834351561,10.1174867467825 48.8971053680956)";208.5979795
l621;"SRID=4326;LINESTRING(9.21565020993259 48.8523053561223,9.40058897366435 48.6669524232075)";640.1083503
l622;"SRID=4326;LINESTRING(8.67371735734288 49.2904393997661,8.62320969485988 49.356582256425)";251.2249941
l623;"SRID=4326;LINESTRING(9.19078746567264 48.9144168850357,9.04543499281662 48.9029620391364)";243.8774884
l624;"SRID=4326;LINESTRING(10.8431178304875 49.3786927451193,11.3269542156337 49.3934813535393)";405.4928386
l625;"SRID=4326;LINESTRING(9.52960514781347 53.618990731832,9.48789511822337 53.6365577774589)";33.89945513
l626;"SRID=4326;LINESTRING(9.50178971212981 53.5428143880013,9.52960514781347 53.618990731832)";832.2803194
l627;"SRID=4326;LINESTRING(9.52960514781347 53.618990731832,9.49151084954643 53.658098307544)";33.01320897
l628;"SRID=4326;LINESTRING(9.49151084954643 53.658098307544,9.48789511822337 53.6365577774589)";-25.13127056
l629;"SRID=4326;LINESTRING(8.04936553586669 47.5508771216161,7.7525434408724 47.5391133569052)";-175.4060497
l630;"SRID=4326;LINESTRING(7.47224785884145 47.6466324195086,8.04936553586669 47.5508771216161)";243.5879936
l631;"SRID=4326;LINESTRING(13.0818771402069 48.2565212678656,13.4428542096901 48.4345464156274)";-69.76230376
l632;"SRID=4326;LINESTRING(13.0818771402069 48.2565212678656,13.4428542096901 48.4345464156274)";-69.90754634
l633;"SRID=4326;LINESTRING(13.7106901435785 48.5193051781923,13.4428542096901 48.4345464156274)";-13.52760259
l634;"SRID=4326;LINESTRING(13.7106901435785 48.5193051781923,13.4428542096901 48.4345464156274)";-13.48777811
l635;"SRID=4326;LINESTRING(9.91814868737007 52.3799963378317,10.0876468394791 52.3151305685128)";160.7131176
l636;"SRID=4326;LINESTRING(7.31136230953603 53.1257665914164,6.02502881768955 54.3540286881643)";27.89625558
l637;"SRID=4326;LINESTRING(7.31136230953603 53.1257665914164,6.02503294993986 54.3549329994864)";25.53663551
l638;"SRID=4326;LINESTRING(9.42551240461559 48.06435084547,8.25885999852837 47.634211656147)";-184.0651345
l639;"SRID=4326;LINESTRING(9.42551240461559 48.06435084547,8.25885999852837 47.634211656147)";-407.9669531
l640;"SRID=4326;LINESTRING(9.72699275106814 54.2914209859116,9.31819528207498 54.7160494380133)";199.7777816
l641;"SRID=4326;LINESTRING(8.35233395252327 49.4212743450173,8.50180857459037 49.4449115329164)";383.5625234
l642;"SRID=4326;LINESTRING(9.09183530449903 49.2946188998807,8.62320969485988 49.356582256425)";-121.7525287
l643;"SRID=4326;LINESTRING(9.09183530449903 49.2946188998807,9.44691873439718 49.5902629413636)";1267.448459
l644;"SRID=4326;LINESTRING(8.66378320316657 49.3600874127032,8.62320969485988 49.356582256425)";-204.5316096
l645;"SRID=4326;LINESTRING(9.56710206574622 51.325257359953,9.38765132401603 51.6407335383064)";1778.881626
l646;"SRID=4326;LINESTRING(7.95807590404246 47.595477987414,7.95921954402561 47.5783599815231)";24.95408354
l647;"SRID=4326;LINESTRING(8.34912613148193 49.0130521548118,8.31334018942867 49.0090434774209)";-52.14842292
l648;"SRID=4326;LINESTRING(8.6593729546501 51.9996101360209,8.36422958832611 51.9271205112378)";-1978.397211
l649;"SRID=4326;LINESTRING(10.369230142447 52.1670924591566,10.4203896078253 52.1652004518716)";65.97206376
l650;"SRID=4326;LINESTRING(10.369230142447 52.1670924591566,10.3884722351089 52.1513649609601)";-125.683992
l651;"SRID=4326;LINESTRING(12.8139099558581 50.8579185289825,13.0025899280761 50.8659127554399)";97.30155537
l652;"SRID=4326;LINESTRING(9.25103429423424 53.1144323213021,8.82002488536158 53.1073883123751)";179.7487307
l653;"SRID=4326;LINESTRING(12.8139099558581 50.8579185289825,12.4772465439526 50.753120094381)";101.112293
l654;"SRID=4326;LINESTRING(8.31334018942867 49.0090434774209,7.75349549403634 48.0993557332288)";267.7899663
l655;"SRID=4326;LINESTRING(6.75552343093251 49.3648696290977,6.74970012443072 49.3651763762001)";-277.0817963
l656;"SRID=4326;LINESTRING(6.75552343093251 49.3648696290977,6.76601568493305 49.3600771974691)";17.11696964
l657;"SRID=4326;LINESTRING(8.31334018942867 49.0090434774209,8.30626269672421 49.0128258799272)";-61.38030698
l658;"SRID=4326;LINESTRING(12.8139099558581 50.8579185289825,13.3264050703954 50.3463722141376)";731.7592398
l659;"SRID=4326;LINESTRING(8.47470705828713 53.4286512121137,8.47791063608626 53.428485495717)";10.53899942
l660;"SRID=4326;LINESTRING(8.47470705828713 53.4286512121137,8.47791063608626 53.428485495717)";12.32527051
l661;"SRID=4326;LINESTRING(8.05408740677995 53.332302708936,8.05283756803222 53.3338809660191)";357.0190503
l662;"SRID=4326;LINESTRING(8.05408740677995 53.332302708936,8.05283756803222 53.3338809660191)";451.8028689
l663;"SRID=4326;LINESTRING(10.7610404155909 52.3677293936344,10.9993330683763 52.2001420103124)";168.6431595
l664;"SRID=4326;LINESTRING(9.72699275106814 54.2914209859116,9.31819528207498 54.7160494380133)";199.787245
l665;"SRID=4326;LINESTRING(11.3704263094168 48.2914922548393,11.8132329291411 48.2212664672329)";-19.32589569
l666;"SRID=4326;LINESTRING(10.4149924241538 53.4126068813272,10.1575057595216 53.5551266364644)";202.6541407
l667;"SRID=4326;LINESTRING(8.31334018942867 49.0090434774209,8.44131550430227 49.2514026918789)";1253.995108
l668;"SRID=4326;LINESTRING(11.3704263094168 48.2914922548393,11.4407746571386 48.1718035686213)";106.7648694
l669;"SRID=4326;LINESTRING(7.95807590404246 47.595477987414,7.95921954402561 47.5783599815231)";24.96688707
l670;"SRID=4326;LINESTRING(7.95807590404246 47.595477987414,7.95921954402561 47.5783599815231)";25.16703538
l671;"SRID=4326;LINESTRING(7.95807590404246 47.595477987414,7.95921954402561 47.5783599815231)";25.1540258
l672;"SRID=4326;LINESTRING(9.34476101692227 53.9218370813918,9.20210266340539 53.8951623622383)";-49.64256009
l673;"SRID=4326;LINESTRING(9.77654483603303 53.6906352940911,9.52960514781347 53.618990731832)";-363.9955241
l674;"SRID=4326;LINESTRING(7.97775309227087 47.3672238510066,8.04936553586669 47.5508771216161)";7.250110488
l675;"SRID=4326;LINESTRING(9.50178971212981 53.5428143880013,9.25103429423424 53.1144323213021)";-691.3376244
l676;"SRID=4326;LINESTRING(9.50178971212981 53.5428143880013,9.25103429423424 53.1144323213021)";-691.2983037
l677;"SRID=4326;LINESTRING(12.3374245625186 51.1969579483496,11.1228546271538 50.9989090757631)";22.97048621
l678;"SRID=4326;LINESTRING(13.2115276810432 52.5806278358522,13.2490284051015 52.5316239158784)";-17.14382676
l679;"SRID=4326;LINESTRING(8.18338852854702 47.5989602180392,8.23211264237636 47.5560892850149)";155.6271157
l680;"SRID=4326;LINESTRING(8.18338852854702 47.5989602180392,8.04936553586669 47.5508771216161)";-182.1884221
l681;"SRID=4326;LINESTRING(8.18338852854702 47.5989602180392,8.18355961654331 47.601323769444)";17.18669444
l682;"SRID=4326;LINESTRING(8.04936553586669 47.5508771216161,8.23211264237636 47.5560892850149)";79.45191073
l683;"SRID=4326;LINESTRING(13.1034346835086 48.6667929839894,12.082254511457 49.2974477819197)";-228.0350293
l684;"SRID=4326;LINESTRING(7.97117863459035 47.5457833450791,7.67266489314443 47.5201252480429)";-1.6162072
l685;"SRID=4326;LINESTRING(8.04936553586669 47.5508771216161,7.97117863459035 47.5457833450791)";-4.007149684
l686;"SRID=4326;LINESTRING(8.04936553586669 47.5508771216161,7.64882434914906 47.0942208251304)";-141.7768667
l687;"SRID=4326;LINESTRING(8.04936553586669 47.5508771216161,7.25880632792152 47.3376495939671)";-37.22889243
l688;"SRID=4326;LINESTRING(8.04936553586669 47.5508771216161,7.79188134171127 47.1549422792263)";18.65525353
l689;"SRID=4326;LINESTRING(8.04936553586669 47.5508771216161,7.94658892662442 47.3175289476011)";39.60912487
l690;"SRID=4326;LINESTRING(8.04936553586669 47.5508771216161,7.97327497114949 47.365586324211)";537.118629
l691;"SRID=4326;LINESTRING(6.27694180505096 49.1977400931517,6.77320788478575 49.2910742282334)";-255.0959494
l692;"SRID=4326;LINESTRING(9.04741271801621 51.1677872449186,9.05036513764223 51.1673238667951)";-157.5741495
l693;"SRID=4326;LINESTRING(6.45655251893853 50.8713380734833,6.2140153990158 50.943899913974)";-57.24817448
l694;"SRID=4326;LINESTRING(6.21619298912827 50.9123618338628,6.2140153990158 50.943899913974)";-34.12662962
l695;"SRID=4326;LINESTRING(5.91852741859707 51.148426414922,6.2140153990158 50.943899913974)";103.8197473
l696;"SRID=4326;LINESTRING(10.9662584489437 47.2695305015289,11.2869439219167 47.4928625176028)";11.84540827
l697;"SRID=4326;LINESTRING(11.277721100358 47.4958727068203,11.2869439219167 47.4928625176028)";-65.89290826
l698;"SRID=4326;LINESTRING(11.2939727766244 48.0520427780619,11.2869439219167 47.4928625176028)";68.25175329
l699;"SRID=4326;LINESTRING(13.5061280249068 52.4738227039188,13.5053369296479 52.4747789067655)";-101.9099155
l700;"SRID=4326;LINESTRING(13.5241987812625 52.5356343208068,13.5053369296479 52.4747789067655)";295.023216
l701;"SRID=4326;LINESTRING(13.3057533352426 52.2307818607751,13.5053369296479 52.4747789067655)";-113.6667581
l702;"SRID=4326;LINESTRING(7.91072937298184 48.501288357463,8.24975045659741 48.8491773731136)";19.03930745
l703;"SRID=4326;LINESTRING(8.31334018942867 49.0090434774209,8.24975045659741 48.8491773731136)";-16.40202131
l704;"SRID=4326;LINESTRING(8.24872907301797 48.846316555802,8.24975045659741 48.8491773731136)";1.95823646
l705;"SRID=4326;LINESTRING(9.98853665499904 53.7662776782512,9.45967747872262 53.8646575042439)";354.395086
l706;"SRID=4326;LINESTRING(9.44963659025525 53.9672865006218,9.45967747872262 53.8646575042439)";-209.7541079
l707;"SRID=4326;LINESTRING(9.34400181356048 53.8517774981988,9.45967747872262 53.8646575042439)";-53.53483248
l708;"SRID=4326;LINESTRING(11.1228546271538 50.9989090757631,11.4299065773025 50.9114464610955)";963.4516651
l709;"SRID=4326;LINESTRING(11.4703941444441 50.9303902644171,11.4299065773025 50.9114464610955)";-29.65626392
l710;"SRID=4326;LINESTRING(11.6463786860412 50.5348769896165,11.4299065773025 50.9114464610955)";-905.2767218
l711;"SRID=4326;LINESTRING(7.30824781629083 52.4767901583642,7.25501782522347 53.0267136928067)";106.6894569
l712;"SRID=4326;LINESTRING(7.25465688214231 53.0266716315927,7.25501782522347 53.0267136928067)";-24.52585311
l713;"SRID=4326;LINESTRING(7.31136230953603 53.1257665914164,7.25501782522347 53.0267136928067)";118.5439815
l714;"SRID=4326;LINESTRING(7.60711615834737 51.8986046345034,7.37185639416872 52.1977067098446)";-11.14994384
l715;"SRID=4326;LINESTRING(7.88957673752775 52.2773967844269,7.37185639416872 52.1977067098446)";-5.997272992
l716;"SRID=4326;LINESTRING(7.30824781629083 52.4767901583642,7.37185639416872 52.1977067098446)";50.82094105
l717;"SRID=4326;LINESTRING(14.0336963902155 53.507868594058,13.3984709179978 53.7933318754816)";-238.7738021
l718;"SRID=4326;LINESTRING(13.3998288327093 53.7944478091186,13.3984709179978 53.7933318754816)";164.4223617
l719;"SRID=4326;LINESTRING(12.1869848529515 53.8157751978716,13.3984709179978 53.7933318754816)";100.7056057
l720;"SRID=4326;LINESTRING(7.71862724482037 51.5342075253387,7.42474524551043 51.4592583943398)";-294.3252256
l721;"SRID=4326;LINESTRING(7.31318287435069 51.4466114132712,7.42474524551043 51.4592583943398)";154.4273202
l722;"SRID=4326;LINESTRING(7.35311188155085 51.5758105365035,7.42474524551043 51.4592583943398)";207.9170906
l723;"SRID=4326;LINESTRING(7.12323886855291 51.5256121997715,7.12336046768833 51.4473443869048)";24.00408314
l724;"SRID=4326;LINESTRING(7.12557294579876 51.4489772806916,7.12336046768833 51.4473443869048)";-25.34570743
l725;"SRID=4326;LINESTRING(7.00877917051357 51.1742549445955,7.12336046768833 51.4473443869048)";28.30077631
l726;"SRID=4326;LINESTRING(7.35311188155085 51.5758105365035,7.41658270368128 51.4607824146291)";1.221564627
l727;"SRID=4326;LINESTRING(7.41670797342798 51.4570521949625,7.41658270368128 51.4607824146291)";-98.38686675
l728;"SRID=4326;LINESTRING(7.31318287435069 51.4466114132712,7.41658270368128 51.4607824146291)";144.8455389
l729;"SRID=4326;LINESTRING(6.53175004088497 50.3900513143006,6.53303662114797 50.3922427776709)";190.2518209
l730;"SRID=4326;LINESTRING(6.4747398132316 49.9224693104147,6.53303662114797 50.3922427776709)";-352.5617889
l731;"SRID=4326;LINESTRING(6.45655251893853 50.8713380734833,6.53303662114797 50.3922427776709)";83.01411286
l732;"SRID=4326;LINESTRING(6.61240236819431 51.0359242961049,6.60879226770999 51.0346787720857)";-451.4446499
l733;"SRID=4326;LINESTRING(6.96568445966487 51.0693295406357,6.60879226770999 51.0346787720857)";510.1570806
l734;"SRID=4326;LINESTRING(6.80109337218585 51.1225390893163,6.60879226770999 51.0346787720857)";-19.5451726
l735;"SRID=4326;LINESTRING(6.80890626354321 51.2686076250227,6.72033167479422 51.3441235773954)";-98.34978352
l736;"SRID=4326;LINESTRING(6.62284324444971 51.2587133994989,6.72033167479422 51.3441235773954)";1.23231153
l737;"SRID=4326;LINESTRING(6.61738115554636 51.4757909650564,6.72033167479422 51.3441235773954)";144.8455389
l738;"SRID=4326;LINESTRING(6.4747398132316 49.9224693104147,6.53303662114797 50.3922427776709)";140.1762411
l739;"SRID=4326;LINESTRING(6.53175004088497 50.3900513143006,6.53303662114797 50.3922427776709)";-8.716122619
l740;"SRID=4326;LINESTRING(6.45655251893853 50.8713380734833,6.53303662114797 50.3922427776709)";-241.277834
l741;"SRID=4326;LINESTRING(7.17937918293452 51.4722019618656,7.13937482408986 51.5608313916517)";-127.939662
l742;"SRID=4326;LINESTRING(7.26408347971959 51.5735734400302,7.13937482408986 51.5608313916517)";156.1917788
l743;"SRID=4326;LINESTRING(7.06034476225792 51.6964980793073,7.13937482408986 51.5608313916517)";-1.833164851
l744;"SRID=4326;LINESTRING(7.7083185190139 51.6762033258373,7.41946378046051 51.4575100936229)";-722.1159964
l745;"SRID=4326;LINESTRING(7.27894732573719 51.4722814207425,7.41946378046051 51.4575100936229)";-455.768045
l746;"SRID=4326;LINESTRING(7.41670797342798 51.4570521949625,7.41946378046051 51.4575100936229)";-25.39700201
l747;"SRID=4326;LINESTRING(7.16721463545721 51.3899067765993,7.17920271018964 51.4218244823956)";404.6298272
l748;"SRID=4326;LINESTRING(7.17937918293452 51.4722019618656,7.17920271018964 51.4218244823956)";0.834749995
l749;"SRID=4326;LINESTRING(7.19597934376965 51.4115753101187,7.17920271018964 51.4218244823956)";-16.70644558
l750;"SRID=4326;LINESTRING(7.44506932534523 51.6185001200754,7.34371343395865 51.6131049996992)";-16.70644558
l751;"SRID=4326;LINESTRING(7.26408347971959 51.5735734400302,7.34371343395865 51.6131049996992)";-333.7322434
l752;"SRID=4326;LINESTRING(7.3242796091518 51.6213875062827,7.34371343395865 51.6131049996992)";0.835731028
l753;"SRID=4326;LINESTRING(7.3242796091518 51.6213875062827,7.34371343395865 51.6131049996992)";196.5138675
l754;"SRID=4326;LINESTRING(7.7083185190139 51.6762033258373,7.34371343395865 51.6131049996992)";-192.1646557
l755;"SRID=4326;LINESTRING(7.26408347971959 51.5735734400302,7.34371343395865 51.6131049996992)";153.0880185
l756;"SRID=4326;LINESTRING(6.61738115554636 51.4757909650564,6.52272548882226 51.3224954692993)";-244.8339381
l757;"SRID=4326;LINESTRING(6.33000626218352 51.2429166388389,6.52272548882226 51.3224954692993)";-20.78198084
l758;"SRID=4326;LINESTRING(6.54240843928532 51.2994458346854,6.52272548882226 51.3224954692993)";306.179519
l759;"SRID=4326;LINESTRING(6.97257748891579 50.795693016675,6.92909269080674 50.8441529722133)";116.7707019
l760;"SRID=4326;LINESTRING(6.96330548818137 50.8337629358461,6.92909269080674 50.8441529722133)";375.4874054
l761;"SRID=4326;LINESTRING(6.80461624403732 50.9662477744576,6.92909269080674 50.8441529722133)";-401.4672249
l762;"SRID=4326;LINESTRING(7.04738454562441 50.9055286430507,7.09435799941442 50.8269670893312)";47.66728916
l763;"SRID=4326;LINESTRING(7.19316581458292 50.7983350844101,7.09435799941442 50.8269670893312)";-96.56459748
l764;"SRID=4326;LINESTRING(7.09582677727405 50.8268716856964,7.09435799941442 50.8269670893312)";78.2697561
l765;"SRID=4326;LINESTRING(6.68079563463015 51.6462972769253,6.65066750417381 51.5537022721424)";-913.166666
l766;"SRID=4326;LINESTRING(6.57729059429417 51.5563912150336,6.65066750417381 51.5537022721424)";-378.0946229
l767;"SRID=4326;LINESTRING(6.61738115554636 51.4757909650564,6.65066750417381 51.5537022721424)";1497.536497
l768;"SRID=4326;LINESTRING(7.99288732000281 51.6837077158762,7.82599052323945 51.7500676098869)";-18.19209305
l769;"SRID=4326;LINESTRING(7.54571775348996 51.9703244532995,7.82599052323945 51.7500676098869)";305.9496003
l770;"SRID=4326;LINESTRING(7.7083185190139 51.6762033258373,7.82599052323945 51.7500676098869)";-245.1089576
l771;"SRID=4326;LINESTRING(6.96330548818137 50.8337629358461,6.9289790539233 50.8438170036629)";-37.41232414
l772;"SRID=4326;LINESTRING(6.80461624403732 50.9662477744576,6.9289790539233 50.8438170036629)";-1212.202762
l773;"SRID=4326;LINESTRING(6.97257748891579 50.795693016675,6.9289790539233 50.8438170036629)";1093.764778
l774;"SRID=4326;LINESTRING(7.99395917605221 51.8230954379067,7.83402083305878 51.7550404020937)";-38.91896136
l775;"SRID=4326;LINESTRING(7.99288732000281 51.6837077158762,7.83402083305878 51.7550404020937)";-126.5033187
l776;"SRID=4326;LINESTRING(7.7083185190139 51.6762033258373,7.83402083305878 51.7550404020937)";223.2389433
l777;"SRID=4326;LINESTRING(9.14517688151449 52.8532464493029,9.13794801567189 52.8470269944345)";433.4280742
l778;"SRID=4326;LINESTRING(9.25103429423424 53.1144323213021,9.13794801567189 52.8470269944345)";-132.4208388
l779;"SRID=4326;LINESTRING(9.11321011483187 52.5438533448625,9.13794801567189 52.8470269944345)";-164.7411475
l780;"SRID=4326;LINESTRING(8.10495964382999 52.2642614054462,8.33466775124759 52.0705200978987)";1754.604162
l781;"SRID=4326;LINESTRING(8.31888929686007 52.0660374671048,8.33466775124759 52.0705200978987)";-1006.926685
l782;"SRID=4326;LINESTRING(8.36422958832611 51.9271205112378,8.33466775124759 52.0705200978987)";-721.6107369
l783;"SRID=4326;LINESTRING(7.93077012209125 51.6729710114195,7.98187840842773 51.6766515664854)";-108.2992521
l784;"SRID=4326;LINESTRING(7.99288732000281 51.6837077158762,7.98187840842773 51.6766515664854)";-70.7095373
l785;"SRID=4326;LINESTRING(7.98122158717143 51.6735262789774,7.98187840842773 51.6766515664854)";194.6304422
l786;"SRID=4326;LINESTRING(9.79733614300556 52.0008392548375,9.8524162497002 51.8987653028483)";194.6240946
l787;"SRID=4326;LINESTRING(9.92382990036197 51.8975617892672,9.8524162497002 51.8987653028483)";-70.7095373
l788;"SRID=4326;LINESTRING(9.85139361305404 51.6491352561387,9.8524162497002 51.8987653028483)";-103.1997766
l789;"SRID=4326;LINESTRING(9.85139361305404 51.6491352561387,9.8524162497002 51.8987653028483)";-581.8586657
l790;"SRID=4326;LINESTRING(9.92382990036197 51.8975617892672,9.8524162497002 51.8987653028483)";278.9017086
l791;"SRID=4326;LINESTRING(9.91814868737007 52.3799963378317,9.8524162497002 51.8987653028483)";220.7518131
l792;"SRID=4326;LINESTRING(10.2358631776837 52.2934595593518,9.41368131072443 52.0274828920508)";-58.04995801
l793;"SRID=4326;LINESTRING(9.38974515063535 52.0263130791669,9.41368131072443 52.0274828920508)";43.92639684
l794;"SRID=4326;LINESTRING(9.40952036752961 52.0343166956609,9.41368131072443 52.0274828920508)";161.7075224
l795;"SRID=4326;LINESTRING(10.0876468394791 52.3151305685128,10.3552149923206 52.1758110157759)";429.5837709
l796;"SRID=4326;LINESTRING(10.4195406715655 52.236960686926,10.3552149923206 52.1758110157759)";-199.5849307
l797;"SRID=4326;LINESTRING(10.369230142447 52.1670924591566,10.3552149923206 52.1758110157759)";-189.2158308
l798;"SRID=4326;LINESTRING(8.65666357652504 50.6057345116662,9.25664124635274 51.0591793040546)";-711.5609841
l799;"SRID=4326;LINESTRING(9.25938384941478 51.0603668957955,9.25664124635274 51.0591793040546)";-16.37505317
l800;"SRID=4326;LINESTRING(8.65595014422814 50.6036046473842,9.25664124635274 51.0591793040546)";718.8816487
l801;"SRID=4326;LINESTRING(10.8408696020982 48.2380310170111,10.7037422782749 47.826415980499)";-13.81143782
l802;"SRID=4326;LINESTRING(10.7027320091441 47.8264598353378,10.7037422782749 47.826415980499)";41.43431347
l803;"SRID=4326;LINESTRING(10.3633843211809 47.7383368357565,10.7037422782749 47.826415980499)";-13.81143782
l804;"SRID=4326;LINESTRING(10.1949335038034 47.9709369066385,10.6418026309511 48.0258492685192)";-25.50127294
l805;"SRID=4326;LINESTRING(10.8408696020982 48.2380310170111,10.6418026309511 48.0258492685192)";76.67407953
l806;"SRID=4326;LINESTRING(10.6412868211872 48.027451234708,10.6418026309511 48.0258492685192)";-25.55802651
l807;"SRID=4326;LINESTRING(12.789238190432 50.6270562614499,12.8259720721456 50.656844395994)";-1539.730802
l808;"SRID=4326;LINESTRING(12.8139099558581 50.8579185289825,12.8259720721456 50.656844395994)";-1437.347409
l809;"SRID=4326;LINESTRING(12.881244953781 50.518645665309,12.8259720721456 50.656844395994)";-1538.814248
l810;"SRID=4326;LINESTRING(14.604476638274 52.1744941686659,14.5112016636857 52.1616046052254)";-1437.347409
l811;"SRID=4326;LINESTRING(14.4281805295455 51.888864175856,14.5112016636857 52.1616046052254)";-558.5030703
l812;"SRID=4326;LINESTRING(13.709669749528 52.5397952998981,14.5112016636857 52.1616046052254)";-1003.921426
l813;"SRID=4326;LINESTRING(14.604476638274 52.1744941686659,14.5112016636857 52.1616046052254)";-321.3098909
l814;"SRID=4326;LINESTRING(14.4281805295455 51.888864175856,14.5112016636857 52.1616046052254)";17.70147006
l815;"SRID=4326;LINESTRING(13.709669749528 52.5397952998981,14.5112016636857 52.1616046052254)";-134.283068
l816;"SRID=4326;LINESTRING(9.09183530449903 49.2946188998807,8.67009930715852 49.3092022842852)";66.96789456
l817;"SRID=4326;LINESTRING(8.62320969485988 49.356582256425,8.67009930715852 49.3092022842852)";-179.2917503
l818;"SRID=4326;LINESTRING(8.67371735734288 49.2904393997661,8.67009930715852 49.3092022842852)";468.5199487
l819;"SRID=4326;LINESTRING(9.22808876359609 51.8124534028391,9.23187011256161 51.810119094224)";-260.9133653
l820;"SRID=4326;LINESTRING(9.38974515063535 52.0263130791669,9.23187011256161 51.810119094224)";-211.8458239
l821;"SRID=4326;LINESTRING(9.38765132401603 51.6407335383064,9.23187011256161 51.810119094224)";283.3770507
l822;"SRID=4326;LINESTRING(9.88551515679306 48.3040743800139,10.2341629653667 48.5289320988725)";-36.88575188
l823;"SRID=4326;LINESTRING(10.2224358208891 48.7367219779685,10.2341629653667 48.5289320988725)";19.03930745
l824;"SRID=4326;LINESTRING(10.2316415853389 48.5297622821597,10.2341629653667 48.5289320988725)";-16.40202131
l825;"SRID=4326;LINESTRING(8.95464418290241 50.0860157590432,8.74326061918 50.1623379810729)";1.95823646
l826;"SRID=4326;LINESTRING(8.73513579910005 50.1591915696539,8.74326061918 50.1623379810729)";-57.24817448
l827;"SRID=4326;LINESTRING(8.87225969129667 50.129725329782,8.74326061918 50.1623379810729)";-34.12662962
l828;"SRID=4326;LINESTRING(9.98853665499904 53.7662776782512,9.45967747872262 53.8646575042439)";103.8197473
l829;"SRID=4326;LINESTRING(9.44963659025525 53.9672865006218,9.45967747872262 53.8646575042439)";-25.61478009
l830;"SRID=4326;LINESTRING(9.34400181356048 53.8517774981988,9.45967747872262 53.8646575042439)";76.67407953
l831;"SRID=4326;LINESTRING(10.9662584489437 47.2695305015289,11.2869439219167 47.4928625176028)";-25.55802651
l832;"SRID=4326;LINESTRING(11.277721100358 47.4958727068203,11.2869439219167 47.4928625176028)";8.758117236
l833;"SRID=4326;LINESTRING(11.2939727766244 48.0520427780619,11.2869439219167 47.4928625176028)";12.9378653
l834;"SRID=4326;LINESTRING(12.789238190432 50.6270562614499,12.8259720721456 50.656844395994)";0
l835;"SRID=4326;LINESTRING(12.8139099558581 50.8579185289825,12.8259720721456 50.656844395994)";14.33348203
l836;"SRID=4326;LINESTRING(12.881244953781 50.518645665309,12.8259720721456 50.656844395994)";0
