v_id;wkt_srid_4326;Curtailment;;;;;;
n1;"SRID=4326;POINT(9.52257596986262 52.3604090557601)";0;;;;;n5;8.48016
n2;"SRID=4326;POINT(9.11321007472722 52.5438533223737)";0;;;;;n10;70.70884988
n3;"SRID=4326;POINT(9.38974509624863 52.0263130660355)";0;;;;;n11;66.93492
n4;"SRID=4326;POINT(9.12526570294975 52.5382640870749)";0;;;;;n12;229.1358824
n5;"SRID=4326;POINT(10.3662749375017 52.2846467462009)";8.48016;;;;;n16;3.156192228
n6;"SRID=4326;POINT(9.91814864613865 52.3799963125719)";0;;;;;n17;3.8626575
n7;"SRID=4326;POINT(9.91717971972185 52.2781686139394)";0;;;;;n18;593.1026388
n8;"SRID=4326;POINT(10.4149923381504 53.4126068830249)";0;;;;;n22;681.6563636
n9;"SRID=4326;POINT(10.3787705903765 53.2197927685849)";0;;;;;n23;3.433687854
n10;"SRID=4326;POINT(12.9416466019288 52.5621144045848)";70.70884988;;;;;n24;67.07597514
n11;"SRID=4326;POINT(13.2061029867985 52.6571362773373)";66.93492;;;;;n25;175.5672867
n12;"SRID=4326;POINT(13.7096697058228 52.5397952580643)";229.1358824;;;;;n26;100.520314
n13;"SRID=4326;POINT(11.3704262486892 48.2914922329548)";0;;;;;n28;20.98593918
n14;"SRID=4326;POINT(11.8132328973194 48.2212664654998)";0;;;;;n29;1.669302082
n15;"SRID=4326;POINT(11.8681562938884 48.2068029185353)";0;;;;;n34;0.062215
n16;"SRID=4326;POINT(10.7610403785613 52.3677293804096)";3.156192228;;;;;n35;13.0864825
n17;"SRID=4326;POINT(13.4947633747219 52.5897644435618)";3.8626575;;;;;n36;2063.5272
n18;"SRID=4326;POINT(13.6834769666546 54.1390906406635)";593.1026388;;;;;n37;43.09989031
n19;"SRID=4326;POINT(11.2939727001158 48.0520427719624)";0;;;;;n39;907.0569595
n20;"SRID=4326;POINT(9.98460982000897 53.7411287759659)";0;;;;;n40;310.7882572
n21;"SRID=4326;POINT(10.1575015165126 53.5551316685834)";0;;;;;n41;1196.845754
n22;"SRID=4326;POINT(9.20210420095253 53.8951574100045)";681.6563636;;;;;n42;120.8495526
n23;"SRID=4326;POINT(9.98853660865951 53.766277668594)";3.433687854;;;;;n43;210.0624784
n24;"SRID=4326;POINT(9.72699196993402 54.2914209867842)";67.07597514;;;;;n44;5.367
n25;"SRID=4326;POINT(9.34476098807139 53.9218370583068)";175.5672867;;;;;n45;70.39463625
n26;"SRID=4326;POINT(9.34400177215961 53.8517774635399)";100.520314;;;;;n48;9.240262746
n27;"SRID=4326;POINT(9.52960512906833 53.6189906941937)";0;;;;;n49;271.7626005
n28;"SRID=4326;POINT(9.77654483874895 53.6906352606291)";20.98593918;;;;;n50;233.9027965
n29;"SRID=4326;POINT(10.3821666628198 52.9932540372914)";1.669302082;;;;;n59;322.9657626
n30;"SRID=4326;POINT(9.5017896678173 53.5428143723363)";0;;;;;n60;170.047462
n31;"SRID=4326;POINT(9.74615081640288 50.9168399490798)";0;;;;;n61;244.5304575
n32;"SRID=4326;POINT(11.1228545605428 50.9989090670144)";0;;;;;n67;98.8751825
n33;"SRID=4326;POINT(10.3859411643633 51.0018133014781)";0;;;;;n71;353.7252428
n34;"SRID=4326;POINT(8.12264230304551 53.5605160490331)";0.062215;;;;;n74;494.9381271
n35;"SRID=4326;POINT(8.08565059715704 53.605834192587)";13.0864825;;;;;n82;61.73384175
n36;"SRID=4326;POINT(8.06005695814032 53.6202025750861)";2063.5272;;;;;n83;7.711961947
n37;"SRID=4326;POINT(11.6389127631156 52.2687346818467)";43.09989031;;;;;n84;4.5027675
n38;"SRID=4326;POINT(13.2115276454389 52.5806278102291)";0.198684313;;;;;n98;56.72628
n39;"SRID=4326;POINT(11.7273534150745 52.5689469938591)";907.0569595;;;;;n153;0.156797761
n40;"SRID=4326;POINT(13.1433929102518 53.9081469774219)";310.7882572;;;;;n159;86.37789375
n41;"SRID=4326;POINT(11.8531057080136 53.0865444750041)";1196.845754;;;;;n160;365.2052443
n42;"SRID=4326;POINT(12.1869848227216 53.8157751724384)";120.8495526;;;;;n161;261.7165089
n43;"SRID=4326;POINT(12.4993659669539 52.4052284251973)";210.0624784;;;;;n177;94.88016096
n44;"SRID=4326;POINT(13.5061534469385 52.473822309174)";5.367;;;;;n179;104.2370341
n45;"SRID=4326;POINT(13.3057532949594 52.2307818451873)";70.39463625;;;;;n180;50.18649069
n46;"SRID=4326;POINT(13.5241987309997 52.5356342713481)";0.335337078;;;;;n181;303.1532274
n47;"SRID=4326;POINT(13.4564306927748 52.5214517451981)";0.117049594;;;;;n192;156.73218
n48;"SRID=4326;POINT(13.5370442127043 52.5374565238016)";9.240262746;;;;;n201;8.7635018
n49;"SRID=4326;POINT(10.99933301239 52.2001419745622)";271.7626005;;;;;n217;100.7631904
n50;"SRID=4326;POINT(10.9772332275028 52.1694333176707)";233.9027965;;;;;n218;97.64868577
n51;"SRID=4326;POINT(9.25938382024592 51.0603668474477)";0;;;;;n221;359.587291
n52;"SRID=4326;POINT(8.3133401659254 49.0090434643525)";0;;;;;n260;1.79955
n53;"SRID=4326;POINT(7.75349546540486 48.0993557006259)";0;;;;;n270;1102.904303
n54;"SRID=4326;POINT(8.43846751211921 49.2524597288652)";0;;;;;n271;879.5624445
n55;"SRID=4326;POINT(8.51211132935593 49.293965649573)";0;;;;;n272;1114.205348
n56;"SRID=4326;POINT(8.62320967451897 49.3565822492832)";0;;;;;n278;31.128519
n57;"SRID=4326;POINT(8.44554248929306 48.9860881753906)";0;;;;;n285;358.4296405
n58;"SRID=4326;POINT(8.64158406338239 48.8900524832355)";0;;;;;n288;0.570339
n59;"SRID=4326;POINT(8.56374399744213 53.0317215835514)";322.9657626;;;;;n295;3.86844208
n60;"SRID=4326;POINT(8.47470704898602 53.4286511943138)";170.047462;;;;;n298;10.5026
n61;"SRID=4326;POINT(8.51888180951659 53.2026352836834)";244.5304575;;;;;n299;11.67331814
n62;"SRID=4326;POINT(8.82002487241632 53.1073882918815)";0;;;;;n301;34.79402704
n63;"SRID=4326;POINT(8.12076909802284 48.7048354259965)";0;;;;;n313;20.53366478
n64;"SRID=4326;POINT(11.4407746483177 48.1718035473026)";0;;;;;n322;0.10395
n66;"SRID=4326;POINT(12.1147644054101 49.6311550521523)";0;;;;;n346;1.555935
n67;"SRID=4326;POINT(8.69516075602312 53.0925360847799)";98.8751825;;;;;n398;150.5187653
n68;"SRID=4326;POINT(8.77244296019056 49.974668665137)";0;;;;;n401;28.54062145
n69;"SRID=4326;POINT(8.41937105938048 49.6337356823792)";0;;;;;n402;373.9288345
n70;"SRID=4326;POINT(8.38855636787547 49.9823050841271)";0;;;;;n407;236.5982865
n71;"SRID=4326;POINT(12.2621734868101 51.7410202755519)";353.7252428;;;;;n408;481.0570313
n72;"SRID=4326;POINT(11.8942661378135 51.4057031412478)";0;;;;;n411;132.2808425
n73;"SRID=4326;POINT(13.1570904871893 51.8284516615019)";0;;;;;n412;2.025938611
n74;"SRID=4326;POINT(13.9024346886892 51.8747235190459)";494.9381271;;;;;n419;2723.774505
n75;"SRID=4326;POINT(11.5165549672107 51.5843592098734)";0;;;;;n420;1696.32594
n76;"SRID=4326;POINT(8.70221844882815 51.7363525828065)";0;;;;;n440;192.8877279
n77;"SRID=4326;POINT(8.99279240395088 51.343009397907)";0;;;;;n445;45.49101099
n78;"SRID=4326;POINT(11.6463786274424 50.534876971042)";0;;;;;n446;174.5371963
n79;"SRID=4326;POINT(14.4719654742998 51.5538127185923)";0;;;;;n447;354.4448093
n80;"SRID=4326;POINT(14.5081091811329 51.4137103812427)";0;;;;;n495;195.0798006
n81;"SRID=4326;POINT(14.4281804852225 51.8888641394403)";0;;;;;n10;0.418028697
n82;"SRID=4326;POINT(8.14191382633093 53.5640011680095)";61.73384175;;;;;n11;0.821066862
n83;"SRID=4326;POINT(10.1562824575947 54.2755482549913)";7.711961947;;;;;n12;3.33030203
n84;"SRID=4326;POINT(10.1773541034729 54.3395212638642)";4.5027675;;;;;n18;1.029611123
n85;"SRID=4326;POINT(7.03496796515083 52.2028607381056)";0;;;;;n22;5.706880995
n86;"SRID=4326;POINT(7.30820430094578 52.4768353862806)";0;;;;;n24;0.087415568
n87;"SRID=4326;POINT(7.06030699176008 51.6964760130648)";0;;;;;n25;0.656805288
n88;"SRID=4326;POINT(6.6746753206169 51.3249574728255)";0;;;;;n26;0.195065722
n89;"SRID=4326;POINT(6.72376714521247 51.3556543809247)";0;;;;;n28;4.908243731
n90;"SRID=4326;POINT(7.54571772261949 51.9703244223875)";0;;;;;n34;0.162017809
n91;"SRID=4326;POINT(7.30561448538174 52.4801491895706)";0;;;;;n35;0.11264064
n92;"SRID=4326;POINT(7.30433875539085 52.4824259958004)";0;;;;;n36;1.61934427
n93;"SRID=4326;POINT(7.27715391322869 52.7532425946802)";0;;;;;n37;0.52067085
n94;"SRID=4326;POINT(8.30775689679575 52.3456356447783)";0;;;;;n38;0.198684313
n95;"SRID=4326;POINT(7.88957671235007 52.2773967624078)";0;;;;;n39;2.850548875
n96;"SRID=4326;POINT(7.31784994377907 52.4691114902799)";0;;;;;n40;3.547789906
n98;"SRID=4326;POINT(12.2147735096776 54.1003234403618)";56.72628;;;;;n41;6.025769193
n99;"SRID=4326;POINT(6.99647659179489 49.3754093063084)";0;;;;;n42;0.442827994
n100;"SRID=4326;POINT(6.47473977006816 49.9224692993999)";0;;;;;n43;3.935550054
n101;"SRID=4326;POINT(11.6993926965362 53.5722744892702)";0;;;;;n44;0.244309494
n102;"SRID=4326;POINT(11.3706373688866 53.6009910848999)";0;;;;;n45;0.797526344
n103;"SRID=4326;POINT(6.94821343461115 51.4445789430072)";0;;;;;n46;0.335337078
n104;"SRID=4326;POINT(6.92675896360373 51.4992056838496)";0;;;;;n47;0.117049594
n105;"SRID=4326;POINT(6.68078798893986 51.6462959356851)";0;;;;;n48;0.445977703
n106;"SRID=4326;POINT(7.16721460965932 51.3899067582106)";0;;;;;n49;1.810351886
n107;"SRID=4326;POINT(7.1255729106725 51.4489772588145)";0;;;;;n50;2.823236615
n108;"SRID=4326;POINT(6.99606888010598 51.5141695891404)";0;;;;;n59;1.777529867
n109;"SRID=4326;POINT(7.31318284290137 51.4466113896128)";0;;;;;n60;0.693791668
n110;"SRID=4326;POINT(7.99288723332679 51.6837077155955)";0;;;;;n61;1.142601027
n111;"SRID=4326;POINT(8.62480052815036 51.4278883849265)";0;;;;;n67;1.313527918
n112;"SRID=4326;POINT(7.35311186939787 51.5758105020818)";0;;;;;n71;2.247597443
n113;"SRID=4326;POINT(7.12323882950453 51.5256121803004)";0;;;;;n74;2.073604918
n114;"SRID=4326;POINT(8.21170597594605 51.1779854801194)";0;;;;;n82;0.008315318
n115;"SRID=4326;POINT(6.57648208812114 51.0555954583116)";0;;;;;n98;1.144785071
n116;"SRID=4326;POINT(6.77252309438106 51.1471054906194)";0;;;;;n159;1.62485355
n117;"SRID=4326;POINT(6.97257742700703 50.795693017514)";0;;;;;n160;2.49409665
n118;"SRID=4326;POINT(7.13689469738717 50.6428608767133)";0;;;;;n161;2.422729692
n119;"SRID=4326;POINT(6.45655246642153 50.8713380368705)";0;;;;;n177;0.379913876
n120;"SRID=4326;POINT(7.86394571365263 50.7682419129404)";0;;;;;n180;2.688867273
n121;"SRID=4326;POINT(6.32166491493505 50.8383473627586)";0;;;;;n181;1.215759222
n122;"SRID=4326;POINT(6.16738169006425 50.8020442927138)";0;;;;;n192;3.523974862
n123;"SRID=4326;POINT(6.70220337779745 51.0088609096753)";0;;;;;n214;0.325846879
n124;"SRID=4326;POINT(6.61240231530956 51.0359242594819)";0;;;;;n217;0.669671268
n125;"SRID=4326;POINT(6.96568442352005 51.0693295322353)";0;;;;;n218;1.007959034
n126;"SRID=4326;POINT(7.23319684331545 51.2325069075148)";0;;;;;n221;3.31018036
n127;"SRID=4326;POINT(6.30090123786765 50.8289532122665)";0;;;;;n260;4.570000143
n128;"SRID=4326;POINT(7.44948529010545 50.4025276621126)";0;;;;;n270;4.955836676
n129;"SRID=4326;POINT(6.62582790177014 51.2606098249047)";0;;;;;n271;0.650746302
n130;"SRID=4326;POINT(7.12308195236379 51.1715887782054)";0;;;;;n272;4.700004954
n131;"SRID=4326;POINT(6.80109333956604 51.1225390518584)";0;;;;;n274;0.317214629
n132;"SRID=4326;POINT(7.00877914033175 51.1742549180397)";0;;;;;n285;12.43362825
n133;"SRID=4326;POINT(6.8426506615144 50.8635385008881)";0;;;;;n298;0.146363264
n134;"SRID=4326;POINT(6.80461158012622 50.9662452961379)";0;;;;;n299;1.444366949
n135;"SRID=4326;POINT(7.7186272145384 51.5342075115271)";0;;;;;n313;0.132818271
n136;"SRID=4326;POINT(7.93077008561427 51.6729710197069)";0;;;;;n346;0.34818306
n137;"SRID=4326;POINT(6.22183144595687 51.6946456422206)";0;;;;;n347;0.629191454
n138;"SRID=4326;POINT(7.00674987859998 51.5999114220203)";0;;;;;n348;0.415926329
n139;"SRID=4326;POINT(7.03761988504233 51.5985496311832)";0;;;;;n365;0.162239451
n140;"SRID=4326;POINT(7.2640834625924 51.5735734103802)";0;;;;;n398;4.412221585
n141;"SRID=4326;POINT(7.2789471130269 51.4722816773138)";0;;;;;n401;0.254717132
n142;"SRID=4326;POINT(7.18667755311932 51.550589070577)";0;;;;;n402;1.58412058
n143;"SRID=4326;POINT(7.35135784054859 51.568368608134)";0;;;;;n408;6.170335113
n144;"SRID=4326;POINT(7.17937912538938 51.4722019484347)";0;;;;;n411;0.504809503
n145;"SRID=4326;POINT(6.93488869659333 51.0335223350589)";0;;;;;n419;0.1244556
n146;"SRID=4326;POINT(6.82813596908193 51.1626762413706)";0;;;;;n435;0.090998359
n147;"SRID=4326;POINT(7.50597329671546 51.401592550355)";0;;;;;n440;0.912968694
n148;"SRID=4326;POINT(6.84699931064759 51.2055917698058)";0;;;;;n446;2.308222194
n149;"SRID=4326;POINT(7.19316578267403 50.798335064694)";0;;;;;n447;3.507929751
n150;"SRID=4326;POINT(7.0473845241055 50.9055286094924)";0;;;;;n464;0.015453069
n151;"SRID=4326;POINT(6.70967369516713 51.0909407427733)";0;;;;;n471;0.004774405
n152;"SRID=4326;POINT(7.01293742640329 50.6176584938251)";0;;;;;n495;3.817045354
n153;"SRID=4326;POINT(6.33006858948983 51.2429161503794)";0.156797761;;;;;;
n154;"SRID=4326;POINT(7.0235444991641 50.999068409611)";0;;;;;;
n155;"SRID=4326;POINT(7.72438401522458 51.4093341305984)";0;;;;;;
n156;"SRID=4326;POINT(6.84223115147656 50.8598647243573)";0;;;;;;
n157;"SRID=4326;POINT(8.364229530696 51.9271204904611)";0;;;;;;
n158;"SRID=4326;POINT(6.48812326381716 50.8810703125704)";0;;;;;;
n159;"SRID=4326;POINT(8.05408735442182 53.3323026933898)";86.37789375;;;;;;
n160;"SRID=4326;POINT(8.47791063608626 53.428485468955)";365.2052443;;;;;;
n161;"SRID=4326;POINT(8.05283751634017 53.3338809598955)";261.7165089;;;;;;
n162;"SRID=4326;POINT(6.85153113794826 50.9841704680083)";0;;;;;;
n163;"SRID=4326;POINT(6.59601979462215 50.9525274624278)";0;;;;;;
n164;"SRID=4326;POINT(7.33861258614081 51.6319781250427)";0;;;;;;
n165;"SRID=4326;POINT(7.70831848872651 51.6762033088437)";0;;;;;;
n166;"SRID=4326;POINT(7.61702099509812 51.6371337640588)";0;;;;;;
n167;"SRID=4326;POINT(7.52228010104186 51.5321980552231)";0;;;;;;
n168;"SRID=4326;POINT(6.90660779028721 51.5652424465435)";0;;;;;;
n169;"SRID=4326;POINT(6.96734393053748 51.4908618864265)";0;;;;;;
n170;"SRID=4326;POINT(6.87287359352087 51.4457833372124)";0;;;;;;
n171;"SRID=4326;POINT(6.86804496307922 51.3744747805902)";0;;;;;;
n172;"SRID=4326;POINT(6.78752251671348 51.505550100013)";0;;;;;;
n173;"SRID=4326;POINT(6.62284323546559 51.258713368098)";0;;;;;;
n174;"SRID=4326;POINT(6.81216588075166 51.5196200118095)";0;;;;;;
n175;"SRID=4326;POINT(6.72031000055597 51.3915325380171)";0;;;;;;
n176;"SRID=4326;POINT(6.54240844257145 51.2994458149911)";0;;;;;;
n177;"SRID=4326;POINT(13.0786421047586 54.2848461697305)";94.88016096;;;;;;
n178;"SRID=4326;POINT(8.02029033797883 50.9236168949394)";0;;;;;;
n179;"SRID=4326;POINT(13.9570055475871 53.252171625753)";104.2370341;;;;;;
n180;"SRID=4326;POINT(14.270834670665 53.0962865535819)";50.18649069;;;;;;
n181;"SRID=4326;POINT(14.0336963684666 53.5078685980791)";303.1532274;;;;;;
n183;"SRID=4326;POINT(9.90884752815356 53.4880466403676)";0;;;;;;
n184;"SRID=4326;POINT(6.61738109142906 51.4757909635544)";0;;;;;;
n185;"SRID=4326;POINT(6.65673519501182 51.379523634379)";0;;;;;;
n186;"SRID=4326;POINT(6.7111452744645 51.5261875490663)";0;;;;;;
n187;"SRID=4326;POINT(6.68934277038931 51.5764228881728)";0;;;;;;
n188;"SRID=4326;POINT(6.72365237186396 51.375845810902)";0;;;;;;
n189;"SRID=4326;POINT(8.61664767275337 48.0659537906797)";0;;;;;;
n190;"SRID=4326;POINT(8.87294280487974 48.3100912582216)";0;;;;;;
n191;"SRID=4326;POINT(6.71525259691926 51.5267908666491)";0;;;;;;
n192;"SRID=4326;POINT(12.1857651811846 53.8108597989599)";156.73218;;;;;;
n193;"SRID=4326;POINT(6.72256980950278 51.4797876727124)";0;;;;;;
n194;"SRID=4326;POINT(6.68306568260248 51.577104777735)";0;;;;;;
n195;"SRID=4326;POINT(6.68310697663871 51.5756455059265)";0;;;;;;
n196;"SRID=4326;POINT(6.74541676675317 51.4986419480434)";0;;;;;;
n197;"SRID=4326;POINT(6.61427855504049 51.6186788033284)";0;;;;;;
n198;"SRID=4326;POINT(7.9706568937083 51.6768446667846)";0;;;;;;
n199;"SRID=4326;POINT(7.44506930371379 51.6185000869374)";0;;;;;;
n200;"SRID=4326;POINT(6.73212495035583 51.4594437365975)";0;;;;;;
n201;"SRID=4326;POINT(9.25103425143703 53.1144323051271)";8.7635018;;;;;;
n202;"SRID=4326;POINT(7.32089257541703 52.4714572265383)";0;;;;;;
n204;"SRID=4326;POINT(7.70632726933662 51.278583155205)";0;;;;;;
n205;"SRID=4326;POINT(7.45034204531003 51.413608212821)";0;;;;;;
n206;"SRID=4326;POINT(6.63448162267058 51.0359799381303)";0;;;;;;
n207;"SRID=4326;POINT(7.60711612154456 51.8986046029193)";0;;;;;;
n208;"SRID=4326;POINT(7.4035444340631 51.644449487967)";0;;;;;;
n209;"SRID=4326;POINT(8.93969252741257 52.4030332405173)";0;;;;;;
n210;"SRID=4326;POINT(9.40952032742215 52.034316665873)";0;;;;;;
n211;"SRID=4326;POINT(7.23579344536789 49.3693923629482)";0;;;;;;
n212;"SRID=4326;POINT(6.81368431456473 49.7248340737293)";0;;;;;;
n213;"SRID=4326;POINT(8.58869049603326 49.8155140579794)";0;;;;;;
n214;"SRID=4326;POINT(8.5471609252134 49.4405396661002)";0.325846879;;;;;;
n215;"SRID=4326;POINT(8.40826973550855 49.5285689245626)";0;;;;;;
n216;"SRID=4326;POINT(9.1907874369222 48.914416873799)";0;;;;;;
n217;"SRID=4326;POINT(12.1320699705054 54.14245987564)";100.7631904;;;;;;
n218;"SRID=4326;POINT(12.2135605440795 54.1119998545154)";97.64868577;;;;;;
n219;"SRID=4326;POINT(8.5712588278729 52.1053649602273)";0;;;;;;
n220;"SRID=4326;POINT(8.65937290290079 51.9996101318907)";0;;;;;;
n221;"SRID=4326;POINT(7.31136229105814 53.1257665563186)";359.587291;;;;;;
n223;"SRID=4326;POINT(8.27327814618118 49.0293980916396)";0;;;;;;
n224;"SRID=4326;POINT(8.3523338799966 49.4212743386606)";0;;;;;;
n225;"SRID=4326;POINT(7.72920197913641 49.4826474297682)";0;;;;;;
n226;"SRID=4326;POINT(9.79733602695253 52.0008392513306)";0;;;;;;
n227;"SRID=4326;POINT(10.0821573264928 48.2660901578788)";0;;;;;;
n228;"SRID=4326;POINT(8.62716125806072 49.5435952670263)";0;;;;;;
n229;"SRID=4326;POINT(8.50180851652818 49.4449115114399)";0;;;;;;
n230;"SRID=4326;POINT(10.391776056934 48.5184609117668)";0;;;;;;
n231;"SRID=4326;POINT(7.95805402328778 47.5954722640613)";0;;;;;;
n232;"SRID=4326;POINT(10.0837512706734 48.268867515302)";0;;;;;;
n233;"SRID=4326;POINT(9.88551509756969 48.3040743584705)";0;;;;;;
n234;"SRID=4326;POINT(9.01340238045655 47.8453486310857)";0;;;;;;
n235;"SRID=4326;POINT(8.25192548128222 47.6397698264894)";0;;;;;;
n236;"SRID=4326;POINT(9.19675652645089 48.9129634380259)";0;;;;;;
n238;"SRID=4326;POINT(6.62053556843084 49.7489386710632)";0;;;;;;
n239;"SRID=4326;POINT(6.70228540768092 49.8289944201161)";0;;;;;;
n240;"SRID=4326;POINT(8.53151493939883 50.047874332134)";0;;;;;;
n241;"SRID=4326;POINT(8.4713716330449 50.0972077427754)";0;;;;;;
n242;"SRID=4326;POINT(8.06573796639762 50.4060681118621)";0;;;;;;
n243;"SRID=4326;POINT(8.5372190281928 50.078085046277)";0;;;;;;
n244;"SRID=4326;POINT(8.54248113429862 50.0959883485051)";0;;;;;;
n245;"SRID=4326;POINT(8.98953614977701 50.0602550608281)";0;;;;;;
n246;"SRID=4326;POINT(8.95870856177306 50.0826078105489)";0;;;;;;
n247;"SRID=4326;POINT(10.363384232266 47.7383368092793)";0;;;;;;
n248;"SRID=4326;POINT(7.46150025901999 51.6146143079042)";0;;;;;;
n249;"SRID=4326;POINT(7.71823231962748 51.6743422007117)";0;;;;;;
n250;"SRID=4326;POINT(7.71554341949648 51.6736430744508)";0;;;;;;
n251;"SRID=4326;POINT(7.71459453349968 51.6730996381138)";0;;;;;;
n252;"SRID=4326;POINT(7.71270093431027 51.672663662233)";0;;;;;;
n253;"SRID=4326;POINT(7.98122159643085 51.6735262619046)";0;;;;;;
n254;"SRID=4326;POINT(7.79256714933307 49.8105487811028)";0;;;;;;
n255;"SRID=4326;POINT(6.92013045452502 49.9705818904706)";0;;;;;;
n256;"SRID=4326;POINT(6.75552340556687 49.3648695914696)";0;;;;;;
n257;"SRID=4326;POINT(8.41467459584413 49.7091468139245)";0;;;;;;
n258;"SRID=4326;POINT(9.88280429847019 51.5155074976724)";0;;;;;;
n259;"SRID=4326;POINT(9.85139357253472 51.6491352399809)";0;;;;;;
n260;"SRID=4326;POINT(8.78579302528601 48.5837674015328)";1.79955;;;;;;
n261;"SRID=4326;POINT(9.0454349679866 48.9029620137561)";0;;;;;;
n262;"SRID=4326;POINT(9.8013171668981 47.6525043240978)";0;;;;;;
n264;"SRID=4326;POINT(9.42551238607291 48.0643507981263)";0;;;;;;
n265;"SRID=4326;POINT(8.10495957410199 52.2642613740358)";0;;;;;;
n266;"SRID=4326;POINT(12.1301906295374 47.9131654820025)";0;;;;;;
n267;"SRID=4326;POINT(6.8018236570969 51.1247880606241)";0;;;;;;
n268;"SRID=4326;POINT(7.98506745761923 50.8422254447013)";0;;;;;;
n269;"SRID=4326;POINT(8.284861778672 50.7590735194915)";0;;;;;;
n270;"SRID=4326;POINT(7.22423842685352 53.3499271468647)";1102.904303;;;;;;
n271;"SRID=4326;POINT(7.20605284001418 53.3413192541639)";879.5624445;;;;;;
n272;"SRID=4326;POINT(9.31819523638713 54.7160494089748)";1114.205348;;;;;;
n275;"SRID=4326;POINT(7.43348911422107 50.4365195361077)";0;;;;;;
n276;"SRID=4326;POINT(7.59330184856855 50.3859437917469)";0;;;;;;
n277;"SRID=4326;POINT(8.12215702005755 53.5658323292485)";0;;;;;;
n278;"SRID=4326;POINT(11.5615074728142 52.1238924527264)";31.128519;;;;;;
n279;"SRID=4326;POINT(12.8139099116529 50.8579185114397)";0;;;;;;
n280;"SRID=4326;POINT(13.3823233828996 51.3559961579888)";0;;;;;;
n281;"SRID=4326;POINT(12.0449825161601 50.7812567340735)";0;;;;;;
n282;"SRID=4326;POINT(12.5182220968156 51.1570725850832)";0;;;;;;
n283;"SRID=4326;POINT(8.48009523461158 50.5909204313802)";0;;;;;;
n284;"SRID=4326;POINT(8.65659923594081 50.6055491256016)";0;;;;;;
n285;"SRID=4326;POINT(8.08162670615254 52.858637484526)";358.4296405;;;;;;
n286;"SRID=4326;POINT(9.56710201161841 51.3252573276817)";0;;;;;;
n287;"SRID=4326;POINT(7.74679248425685 52.2885115081219)";0;;;;;;
n288;"SRID=4326;POINT(7.91072928612534 48.5012882982432)";0.570339;;;;;;
n289;"SRID=4326;POINT(7.7257063478071 52.2771949017405)";0;;;;;;
n290;"SRID=4326;POINT(14.2192282929357 51.120707992198)";0;;;;;;
n291;"SRID=4326;POINT(14.5700865498873 51.4190136844256)";0;;;;;;
n292;"SRID=4326;POINT(11.6441811001256 51.908512873438)";0;;;;;;
n293;"SRID=4326;POINT(11.4746908222742 50.6040154814218)";0;;;;;;
n294;"SRID=4326;POINT(10.9910146333086 50.573526990181)";0;;;;;;
n295;"SRID=4326;POINT(10.5054991208047 52.3018379056382)";3.86844208;;;;;;
n296;"SRID=4326;POINT(9.11362795987411 52.5457924749284)";0;;;;;;
n297;"SRID=4326;POINT(10.3692300485918 52.1670924338554)";0;;;;;;
n298;"SRID=4326;POINT(10.4195406346214 52.2369606619834)";10.5026;;;;;;
n299;"SRID=4326;POINT(10.0876467999739 52.3151305547947)";11.67331814;;;;;;
n300;"SRID=4326;POINT(8.40314143640892 52.609644011383)";0;;;;;;
n301;"SRID=4326;POINT(10.2358631058452 52.2934595399896)";34.79402704;;;;;;
n302;"SRID=4326;POINT(9.5142400914841 51.2590355805955)";0;;;;;;
n303;"SRID=4326;POINT(9.38765125748855 51.640733525594)";0;;;;;;
n304;"SRID=4326;POINT(9.77415043834156 50.5287496465011)";0;;;;;;
n305;"SRID=4326;POINT(9.17745967557079 49.037809850476)";0;;;;;;
n306;"SRID=4326;POINT(9.17731110343941 49.039378200434)";0;;;;;;
n307;"SRID=4326;POINT(9.15135394990856 49.1433834119236)";0;;;;;;
n308;"SRID=4326;POINT(10.1878339995516 49.981219040845)";0;;;;;;
n309;"SRID=4326;POINT(9.44691867105201 49.5902629324336)";0;;;;;;
n310;"SRID=4326;POINT(9.20736443093694 49.1766379540065)";0;;;;;;
n311;"SRID=4326;POINT(9.69465635518013 49.2325925411591)";0;;;;;;
n312;"SRID=4326;POINT(10.1174866946797 48.8971053361382)";0;;;;;;
n313;"SRID=4326;POINT(12.3374229103144 51.1969683571228)";20.53366478;;;;;;
n314;"SRID=4326;POINT(10.8675658805484 48.5394690937344)";0;;;;;;
n315;"SRID=4326;POINT(10.8408695619217 48.2380310092335)";0;;;;;;
n316;"SRID=4326;POINT(10.9367289314287 48.4013064414835)";0;;;;;;
n318;"SRID=4326;POINT(10.8637616199498 48.5468231051405)";0;;;;;;
n319;"SRID=4326;POINT(9.70423149899321 48.465063732143)";0;;;;;;
n320;"SRID=4326;POINT(9.40063139462492 48.6669424396984)";0;;;;;;
n322;"SRID=4326;POINT(7.75186249820802 48.0964057188536)";0.10395;;;;;;
n323;"SRID=4326;POINT(12.4772465232803 50.7531200813148)";0;;;;;;
n324;"SRID=4326;POINT(14.9464972856333 51.0625862159619)";0;;;;;;
n326;"SRID=4326;POINT(13.8412680841242 50.9901759359427)";0;;;;;;
n327;"SRID=4326;POINT(13.255555023675 50.9301782416399)";0;;;;;;
n329;"SRID=4326;POINT(13.0027821071279 48.261968265807)";0;;;;;;
n330;"SRID=4326;POINT(12.2208353620671 48.5857329876532)";0;;;;;;
n331;"SRID=4326;POINT(12.7474442277007 48.1487558434787)";0;;;;;;
n332;"SRID=4326;POINT(13.1034346393158 48.6667929606034)";0;;;;;;
n333;"SRID=4326;POINT(9.19698235871826 54.8510986052119)";0;;;;;;
n334;"SRID=4326;POINT(11.193727795361 50.1622144406172)";0;;;;;;
n335;"SRID=4326;POINT(10.8360157547717 49.9280673897058)";0;;;;;;
n336;"SRID=4326;POINT(11.8107025453557 50.1837655260691)";0;;;;;;
n337;"SRID=4326;POINT(12.2968837896062 48.6069099225677)";0;;;;;;
n338;"SRID=4326;POINT(12.0822544456506 49.2974477669261)";0;;;;;;
n339;"SRID=4326;POINT(8.95368121281126 49.5674431691125)";0;;;;;;
n340;"SRID=4326;POINT(12.4696440085589 51.3716629493371)";0;;;;;;
n341;"SRID=4326;POINT(12.2488239057592 51.1978824277899)";0;;;;;;
n342;"SRID=4326;POINT(10.7346694298176 51.4401867580454)";0;;;;;;
n343;"SRID=4326;POINT(11.0049169149012 50.5074149690608)";0;;;;;;
n344;"SRID=4326;POINT(13.0025898987886 50.8659127196838)";0;;;;;;
n345;"SRID=4326;POINT(12.2428369226029 50.5674531670625)";0;;;;;;
n346;"SRID=4326;POINT(13.249028367237 52.5316238928337)";1.555935;;;;;;
n347;"SRID=4326;POINT(13.3155158513838 52.5219993683183)";0.629191454;;;;;;
n348;"SRID=4326;POINT(13.3686584616208 52.5031422115792)";0.415926329;;;;;;
n349;"SRID=4326;POINT(11.7924138446413 48.8382240226632)";0;;;;;;
n350;"SRID=4326;POINT(11.3269526751765 49.393473117636)";0;;;;;;
n351;"SRID=4326;POINT(11.5077305510922 48.7611239877457)";0;;;;;;
n352;"SRID=4326;POINT(11.8076056361242 48.4554267991033)";0;;;;;;
n353;"SRID=4326;POINT(11.5813705216127 48.7648940508515)";0;;;;;;
n354;"SRID=4326;POINT(11.6393121107521 48.1787834095237)";0;;;;;;
n356;"SRID=4326;POINT(6.21102031526762 49.9586257531557)";0;;;;;;
n360;"SRID=4326;POINT(6.77320783777607 49.2910742103854)";0;;;;;;
n363;"SRID=4326;POINT(7.50006173413631 51.535174092458)";0;;;;;;
n364;"SRID=4326;POINT(6.97593254033334 51.0376007284972)";0;;;;;;
n365;"SRID=4326;POINT(13.2428489964032 52.5349539946502)";0.162239451;;;;;;
n366;"SRID=4326;POINT(8.56218193445384 49.132949935954)";0;;;;;;
n367;"SRID=4326;POINT(8.4413154852023 49.2514026469585)";0;;;;;;
n368;"SRID=4326;POINT(7.94208128553147 47.6533415488354)";0;;;;;;
n369;"SRID=4326;POINT(9.06879105808819 53.5666414121342)";0;;;;;;
n370;"SRID=4326;POINT(6.7413761724965 49.3574919373628)";0;;;;;;
n371;"SRID=4326;POINT(6.74970009407096 49.3651763747607)";0;;;;;;
n372;"SRID=4326;POINT(6.76601564520935 49.3600771523749)";0;;;;;;
n373;"SRID=4326;POINT(12.1504016214021 49.0127518128214)";0;;;;;;
n374;"SRID=4326;POINT(7.5913598406626 51.928441667004)";0;;;;;;
n375;"SRID=4326;POINT(8.45154437251894 49.0074029130057)";0;;;;;;
n376;"SRID=4326;POINT(8.99620817966153 52.379587985752)";0;;;;;;
n377;"SRID=4326;POINT(9.56282337410874 48.7014898200493)";0;;;;;;
n378;"SRID=4326;POINT(9.37084541589578 48.7191233300187)";0;;;;;;
n379;"SRID=4326;POINT(9.37760577643558 48.812606857093)";0;;;;;;
n380;"SRID=4326;POINT(9.82158380229154 52.4248552546066)";0;;;;;;
n381;"SRID=4326;POINT(9.0762254363019 49.3633869626072)";0;;;;;;
n382;"SRID=4326;POINT(10.1602912689993 49.9891947837947)";0;;;;;;
n383;"SRID=4326;POINT(10.1964915719944 50.0279724033143)";0;;;;;;
n384;"SRID=4326;POINT(10.8431177989998 49.3786926858391)";0;;;;;;
n385;"SRID=4326;POINT(9.09051754868887 49.9700413735997)";0;;;;;;
n386;"SRID=4326;POINT(8.8139941935628 51.9834366294197)";0;;;;;;
n387;"SRID=4326;POINT(8.93221843866486 52.1933124298166)";0;;;;;;
n388;"SRID=4326;POINT(8.95904413219088 52.2784949764899)";0;;;;;;
n389;"SRID=4326;POINT(9.59430158866246 49.7984427303145)";0;;;;;;
n390;"SRID=4326;POINT(10.9729038959004 49.5585073756737)";0;;;;;;
n391;"SRID=4326;POINT(8.95464412133747 50.0860157333265)";0;;;;;;
n392;"SRID=4326;POINT(7.17590438914786 51.4755782506206)";0;;;;;;
n393;"SRID=4326;POINT(10.231641549556 48.5297622792522)";0;;;;;;
n394;"SRID=4326;POINT(10.2224539935941 48.7367522347984)";0;;;;;;
n395;"SRID=4326;POINT(9.64533503255392 47.7445961090448)";0;;;;;;
n396;"SRID=4326;POINT(10.4015868558303 48.5099297352537)";0;;;;;;
n397;"SRID=4326;POINT(8.80962330905886 50.2034748086043)";0;;;;;;
n398;"SRID=4326;POINT(9.72460611042234 54.2882702503445)";150.5187653;;;;;;
n399;"SRID=4326;POINT(9.09714220939812 48.8277618380686)";0;;;;;;
n400;"SRID=4326;POINT(8.62886493303814 51.9936340707213)";0;;;;;;
n401;"SRID=4326;POINT(10.0604081018258 54.3487708201584)";28.54062145;;;;;;
n402;"SRID=4326;POINT(9.44963652666114 53.967286497351)";373.9288345;;;;;;
n403;"SRID=4326;POINT(8.25885994832776 47.6342116213731)";0;;;;;;
n406;"SRID=4326;POINT(8.86152575255362 47.8064353220893)";0;;;;;;
n408;"SRID=4326;POINT(10.8023579660248 53.8975474102628)";481.0570313;;;;;;
n409;"SRID=4326;POINT(9.21565014323537 48.8523053231829)";0;;;;;;
n410;"SRID=4326;POINT(10.4012813869114 48.5146084080517)";0;;;;;;
n411;"SRID=4326;POINT(8.73757268935919 51.7001692737445)";132.2808425;;;;;;
n412;"SRID=4326;POINT(10.6414677086397 53.9191626884641)";2.025938611;;;;;;
n413;"SRID=4326;POINT(8.67371728898445 49.2904393851271)";0;;;;;;
n414;"SRID=4326;POINT(9.48789502699389 53.6365577623199)";0;;;;;;
n415;"SRID=4326;POINT(9.49151079250535 53.6580982806881)";0;;;;;;
n418;"SRID=4326;POINT(13.7106901040113 48.5193051606747)";0;;;;;;
n419;"SRID=4326;POINT(6.02502872785802 54.3540286881643)";2723.774505;;;;;;
n420;"SRID=4326;POINT(6.02503294993986 54.3549329471359)";1696.32594;;;;;;
n421;"SRID=4326;POINT(9.09183529743294 49.2946188662059)";0;;;;;;
n422;"SRID=4326;POINT(8.66378315807233 49.3600873718872)";0;;;;;;
n423;"SRID=4326;POINT(7.95849127307054 47.5791483196323)";0;;;;;;
n424;"SRID=4326;POINT(8.34912612288763 49.0130521177978)";0;;;;;;
n425;"SRID=4326;POINT(10.4203895577612 52.1652004276784)";0;;;;;;
n426;"SRID=4326;POINT(10.3884721771883 52.1513649329361)";0;;;;;;
n427;"SRID=4326;POINT(8.30626265141083 49.0128258362562)";0;;;;;;
n428;"SRID=4326;POINT(14.4598868223649 51.8332759246019)";0;;;;;;
n429;"SRID=4326;POINT(6.21619297137216 50.9123617956925)";0;;;;;;
n431;"SRID=4326;POINT(6.2140153990158 50.9438998573728)";0;;;;;;
n433;"SRID=4326;POINT(11.2777210418419 47.4958726669837)";0;;;;;;
n434;"SRID=4326;POINT(11.2869438320852 47.4928624569052)";0;;;;;;
n435;"SRID=4326;POINT(13.5053368398164 52.4747788520482)";0.090998359;;;;;;
n436;"SRID=4326;POINT(8.46542980021065 48.0435236210637)";0;;;;;;
n437;"SRID=4326;POINT(8.53055554991256 47.9148481845625)";0;;;;;;
n438;"SRID=4326;POINT(8.24872901623214 48.8463165189067)";0;;;;;;
n439;"SRID=4326;POINT(8.24975045659741 48.8491773731136)";0;;;;;;
n440;"SRID=4326;POINT(9.45967747872262 53.8646574512707)";192.8877279;;;;;;
n441;"SRID=4326;POINT(11.4703941249156 50.9303902294723)";0;;;;;;
n442;"SRID=4326;POINT(11.4299065773025 50.9114464610955)";0;;;;;;
n443;"SRID=4326;POINT(7.25465688214231 53.0266716315927)";0;;;;;;
n444;"SRID=4326;POINT(7.25501773539194 53.0267136928067)";0;;;;;;
n445;"SRID=4326;POINT(7.37185639416872 52.1977066547834)";45.49101099;;;;;;
n446;"SRID=4326;POINT(13.399828840425 53.7944477778114)";174.5371963;;;;;;
n447;"SRID=4326;POINT(13.3984708281663 53.7933318754816)";354.4448093;;;;;;
n448;"SRID=4326;POINT(7.42474524551043 51.4592583943398)";0;;;;;;
n449;"SRID=4326;POINT(7.12336046768833 51.4473443869048)";0;;;;;;
n450;"SRID=4326;POINT(7.41670791195847 51.4570521583476)";0;;;;;;
n451;"SRID=4326;POINT(7.41658261384975 51.4607823586596)";0;;;;;;
n452;"SRID=4326;POINT(6.53175001008574 50.39005126464)";0;;;;;;
n453;"SRID=4326;POINT(6.53303653131644 50.3922427776709)";0;;;;;;
n454;"SRID=4326;POINT(6.60879226770999 51.0346787720857)";0;;;;;;
n455;"SRID=4326;POINT(6.80890624663756 51.2686075940546)";0;;;;;;
n456;"SRID=4326;POINT(6.72033167479422 51.3441235773954)";0;;;;;;
n457;"SRID=4326;POINT(7.13937473425833 51.5608313916517)";0;;;;;;
n458;"SRID=4326;POINT(7.41946378046051 51.4575100936229)";0;;;;;;
n459;"SRID=4326;POINT(7.19597933005019 51.4115753148661)";0;;;;;;
n460;"SRID=4326;POINT(7.17920262035811 51.4218244823956)";0;;;;;;
n461;"SRID=4326;POINT(7.32427958320741 51.6213874676194)";0;;;;;;
n462;"SRID=4326;POINT(7.34371334412713 51.6131049439167)";0;;;;;;
n463;"SRID=4326;POINT(6.52272548882226 51.3224954692993)";0;;;;;;
n464;"SRID=4326;POINT(6.96330545403678 50.8337629177582)";0.015453069;;;;;;
n465;"SRID=4326;POINT(6.92909269080674 50.8441529722133)";0;;;;;;
n466;"SRID=4326;POINT(7.09582671880563 50.8268716757217)";0;;;;;;
n467;"SRID=4326;POINT(7.09435790958289 50.8269670893312)";0;;;;;;
n468;"SRID=4326;POINT(6.57729057687864 51.5563911802085)";0;;;;;;
n469;"SRID=4326;POINT(6.65066741434228 51.5537022721424)";0;;;;;;
n470;"SRID=4326;POINT(7.82599043340792 51.7500675542728)";0;;;;;;
n471;"SRID=4326;POINT(6.9289790539233 50.84381694694)";0.004774405;;;;;;
n472;"SRID=4326;POINT(7.9939591196577 51.823095434189)";0;;;;;;
n473;"SRID=4326;POINT(7.83402074322725 51.7550403464858)";0;;;;;;
n474;"SRID=4326;POINT(9.14517687189382 52.8532464360106)";0;;;;;;
n475;"SRID=4326;POINT(9.13794792584036 52.8470269944345)";0;;;;;;
n476;"SRID=4326;POINT(8.31888925383353 52.0660374597241)";0;;;;;;
n477;"SRID=4326;POINT(8.33466775124759 52.07052004268)";0;;;;;;
n478;"SRID=4326;POINT(7.9818783185962 51.6766515664854)";0;;;;;;
n479;"SRID=4326;POINT(9.92382983732643 51.8975617615529)";0;;;;;;
n480;"SRID=4326;POINT(9.8524162497002 51.8987652474175)";0;;;;;;
n481;"SRID=4326;POINT(9.4136812208929 52.0274828920508)";0;;;;;;
n482;"SRID=4326;POINT(10.3552149923206 52.1758109606876)";0;;;;;;
n483;"SRID=4326;POINT(10.7027318899547 47.8264597977002)";0;;;;;;
n484;"SRID=4326;POINT(10.7037422782749 47.826415980499)";0;;;;;;
n485;"SRID=4326;POINT(10.1949334440241 47.9709368782958)";0;;;;;;
n486;"SRID=4326;POINT(10.6412867739286 48.0274512409907)";0;;;;;;
n487;"SRID=4326;POINT(10.6418025411196 48.0258492685192)";0;;;;;;
n488;"SRID=4326;POINT(8.67009921732699 49.3092022842852)";0;;;;;;
n489;"SRID=4326;POINT(9.22808874457675 51.8124533663924)";0;;;;;;
n490;"SRID=4326;POINT(9.23187002273009 51.810119094224)";0;;;;;;
n491;"SRID=4326;POINT(10.2341629653667 48.5289320393823)";0;;;;;;
n492;"SRID=4326;POINT(8.73513573367143 50.1591915403542)";0;;;;;;
n493;"SRID=4326;POINT(8.87225963914833 50.1297253197387)";0;;;;;;
n494;"SRID=4326;POINT(8.74326052934848 50.1623379810729)";0;;;;;;
n495;"SRID=4326;POINT(9.33223016559803 54.7210227584184)";195.0798006;;;;;;
n500;"SRID=4326;POINT(9.383 55.797)";0;;;;;;
n501;"SRID=4326;POINT(14.913 59.625)";0;;;;;;
n502;"SRID=4326;POINT(17.651 52.421)";0;;;;;;
n503;"SRID=4326;POINT(14.54 49.736)";0;;;;;;
n504;"SRID=4326;POINT(14.009 47.264)";0;;;;;;
n505;"SRID=4326;POINT(8.134 46.573)";0;;;;;;
n506;"SRID=4326;POINT(3.003 47.211)";0;;;;;;
n507;"SRID=4326;POINT(6.0371 49.7131)";0;;;;;;
n508;"SRID=4326;POINT(5.339 52.006)";0;;;;;;
