v_id;lon;lat;wkt_srid_4326;typ;voltage;frequency;name;operator;ref
1;9.52257597;52.36040906;"SRID=4326;POINT(9.52257596986262 52.3604090557601)";substation;"220000;110000";50;Hannover/West;"TenneT;EON_Netz";
2;9.113210075;52.54385332;"SRID=4326;POINT(9.11321007472722 52.5438533223737)";substation;220000;50;Umspannwerk Kraftwerk Robert Frank;TenneT;
3;9.389745096;52.02631307;"SRID=4326;POINT(9.38974509624863 52.0263130660355)";substation;"380000;110000";50;UW Grohnde 380 kV / 110 kV;TenneT;
4;9.125265703;52.53826409;"SRID=4326;POINT(9.12526570294975 52.5382640870749)";substation;"380000;220000";50;Landesbergen;TenneT TSO GmbH;
5;10.36627494;52.28464675;"SRID=4326;POINT(10.3662749375017 52.2846467462009)";substation;"380000;220000";50;Wahle;TenneT;
6;9.918148646;52.37999631;"SRID=4326;POINT(9.91814864613865 52.3799963125719)";substation;"220000;110000";50;TenneT TSO GmbH - Betriebszentrum Lehrte;TenneT_TSO;
7;9.91717972;52.27816861;"SRID=4326;POINT(9.91717971972185 52.2781686139394)";substation;"380000;110000";50;Algermissen;TenneT;
8;10.41499234;53.41260688;"SRID=4326;POINT(10.4149923381504 53.4126068830249)";substation;"380000;110000";;Krümmel;50Hertz;
9;10.37877059;53.21979277;"SRID=4326;POINT(10.3787705903765 53.2197927685849)";substation;"380000;110000";50;Lüneburg;EON_Netz;LUEN
10;12.9416466;52.5621144;"SRID=4326;POINT(12.9416466019288 52.5621144045848)";substation;"380000;220000;110000";;Wustermark;"50Hertz Transmission GmbH;E.ON edis AG";Wu
11;13.20610299;52.65713628;"SRID=4326;POINT(13.2061029867985 52.6571362773373)";substation;220000;50;Hennigsdorf;50Hertz Transmission;
12;13.70966971;52.53979526;"SRID=4326;POINT(13.7096697058228 52.5397952580643)";substation;"380000;220000;110000";50;Neuenhagen;50Hertz Transmission GmbH;NHG TCC
13;11.37042625;48.29149223;"SRID=4326;POINT(11.3704262486892 48.2914922329548)";substation;"380000;220000;110000";;Umspannwerk Oberbachern;"TenneT TSO GmbH;E.ON Netz GmbH";OBA
14;11.8132329;48.22126647;"SRID=4326;POINT(11.8132328973194 48.2212664654998)";substation;"220000;110000";;Umspannwerk Neufinsing;TenneT TSO GmbH, E.ON Netz GmbH;NFI
15;11.86815629;48.20680292;"SRID=4326;POINT(11.8681562938884 48.2068029185353)";substation;"380000;220000";50;Umspannwerk Ottenhofen;TenneT TSO GmbH;OH
16;10.76104038;52.36772938;"SRID=4326;POINT(10.7610403785613 52.3677293804096)";substation;380000;50;Umspannwerk Hattorf;EON_Netz;
17;13.49476337;52.58976444;"SRID=4326;POINT(13.4947633747219 52.5897644435618)";substation;"380000;110000";50;Umspannwerk Malchow;"50Hertz;Stromnetz Berlin";MOW
18;13.68347697;54.13909064;"SRID=4326;POINT(13.6834769666546 54.1390906406635)";substation;"380000;220000";;Umspannwerk Lubmin;50Hertz;
19;11.2939727;48.05204277;"SRID=4326;POINT(11.2939727001158 48.0520427719624)";substation;"220000;110000";;Umspannwerk Oberbrunn;TenneT TSO GmbH, E.ON Netz GmbH;OBR
20;9.98460982;53.74112878;"SRID=4326;POINT(9.98460982000897 53.7411287759659)";substation;"380000;220000;110000";50;Umspannwerk Hamburg-Nord;50Hertz Transmission;
21;10.15750152;53.55513167;"SRID=4326;POINT(10.1575015165126 53.5551316685834)";substation;"380000;110000";50;Umspannwerk Hamburg/Ost;"50Hertz Transmission;Stromnetz Hamburg GmbH";
22;9.202104201;53.89515741;"SRID=4326;POINT(9.20210420095253 53.8951574100045)";substation;"380000;220000;110000";50;Umspannwerk Kernkraftwerk Brunsbüttel;50Hertz Transmission;
23;9.988536609;53.76627767;"SRID=4326;POINT(9.98853660865951 53.766277668594)";substation;"220000;110000";50;Hamburg Nord;"TenneT;Schleswig-Holstein Netz AG";
24;9.72699197;54.29142099;"SRID=4326;POINT(9.72699196993402 54.2914209867842)";substation;"220000;110000";50;Audorf;"TenneT;Schleswig-Holstein Netz AG";
25;9.344760988;53.92183706;"SRID=4326;POINT(9.34476098807139 53.9218370583068)";substation;380000;50;Umspannwerk Wilster;TenneT;
26;9.344001772;53.85177746;"SRID=4326;POINT(9.34400177215961 53.8517774635399)";substation;"380000;220000";;Brokdorf;;
27;9.529605129;53.61899069;"SRID=4326;POINT(9.52960512906833 53.6189906941937)";substation;"220000;110000";50;Stade;;
28;9.776544839;53.69063526;"SRID=4326;POINT(9.77654483874895 53.6906352606291)";substation;"220000;110000";50;Kummerfeld;TenneT;
29;10.38216666;52.99325404;"SRID=4326;POINT(10.3821666628198 52.9932540372914)";substation;380000;50;Stadorf;TenneT;
30;9.501789668;53.54281437;"SRID=4326;POINT(9.5017896678173 53.5428143723363)";substation;"380000;220000;110000";50;Dollern;;
31;9.746150816;50.91683995;"SRID=4326;POINT(9.74615081640288 50.9168399490798)";substation;"380000;110000";50;Mecklar;EON_Netz;
32;11.12285456;50.99890907;"SRID=4326;POINT(11.1228545605428 50.9989090670144)";substation;"380000;220000;110000";50;Umspannwerk Vieselbach;50Hertz Transmission GmbH;
33;10.38594116;51.0018133;"SRID=4326;POINT(10.3859411643633 51.0018133014781)";substation;"380000;110000";50;Eisenach;50Hertz;
34;8.122642303;53.56051605;"SRID=4326;POINT(8.12264230304551 53.5605160490331)";substation;"380000;220000";50;Umspannwerk Maade;TenneT;MAAD
35;8.085650597;53.60583419;"SRID=4326;POINT(8.08565059715704 53.605834192587)";substation;"220000;110000";50;Voslapp;"TenneT;EON_Netz";VOSL
36;8.060056958;53.62020258;"SRID=4326;POINT(8.06005695814032 53.6202025750861)";substation;"220000;155000";50;Inhausen;TenneT;INHA
37;11.63891276;52.26873468;"SRID=4326;POINT(11.6389127631156 52.2687346818467)";substation;"380000;220000";;Umspannwerk Wolmirstedt;50Hertz Transmission GmbH;
38;13.21152765;52.58062781;"SRID=4326;POINT(13.2115276454389 52.5806278102291)";substation;"380000;110000";50;Umspannwerk Teufelsbruch;Vattenfall_Europe_Transmission;
39;11.72735342;52.56894699;"SRID=4326;POINT(11.7273534150745 52.5689469938591)";substation;"380000;110000";50;Stendal/West;50Hertz Transmission GmbH;StW
40;13.14339291;53.90814698;"SRID=4326;POINT(13.1433929102518 53.9081469774219)";substation;"380000;110000";50;Siedenbrünzow;50Hertz Transmission GmbH;
41;11.85310571;53.08654448;"SRID=4326;POINT(11.8531057080136 53.0865444750041)";substation;"380000;110000";;Umspannwerk Perleberg;"50Hertz;EON_Avacon";
42;12.18698482;53.81577517;"SRID=4326;POINT(12.1869848227216 53.8157751724384)";substation;"380000;220000";50;Güstrow;50Hertz;
43;12.49936597;52.40522843;"SRID=4326;POINT(12.4993659669539 52.4052284251973)";substation;"220000;110000";;Brandenburg-West;50Hertz Transmission GmbH;
44;13.50615345;52.47382231;"SRID=4326;POINT(13.5061534469385 52.473822309174)";substation;"220000;110000";50;Umspannwerk Wuhlheide;"50Hertz;Vattenfall Europe AG";
45;13.30575329;52.23078185;"SRID=4326;POINT(13.3057532949594 52.2307818451873)";substation;"380000;220000;110000";50;Thyrow;50Hertz Transmission GmbH;
46;13.52419873;52.53563427;"SRID=4326;POINT(13.5241987309997 52.5356342713481)";substation;"380000;220000;110000";50;Umspannwerk Marzahn;50Hertz;MZA9
47;13.45643069;52.52145175;"SRID=4326;POINT(13.4564306927748 52.5214517451981)";substation;"380000;110000";50;Umspannwerk Friedrichshain;"Vattenfall Europe AG;50Hertz";
48;13.53704421;52.53745652;"SRID=4326;POINT(13.5370442127043 52.5374565238016)";substation;110000;50;Umspannwerk Biesdorf Nord;Stromnetz Berlin;BIN
49;10.99933301;52.20014197;"SRID=4326;POINT(10.99933301239 52.2001419745622)";substation;"380000;110000";;Umspannwerk Helmstedt;TenneT TSO GmbH;
50;10.97723323;52.16943332;"SRID=4326;POINT(10.9772332275028 52.1694333176707)";plant;;;Kraftwerk Buschhaus;E.ON Kraftwerke GmbH;
51;9.25938382;51.06036685;"SRID=4326;POINT(9.25938382024592 51.0603668474477)";substation;"380000;110000";50;Umspannwerk Borken;TenneT;
52;8.313340166;49.00904346;"SRID=4326;POINT(8.3133401659254 49.0090434643525)";substation;"380000;220000;110000";50;Karlsruhe-Daxlanden;EnBW;
53;7.753495465;48.0993557;"SRID=4326;POINT(7.75349546540486 48.0993557006259)";substation;"380000;220000;110000";50;380-kV-Umspannwerk Eichstetten;EnBW;
54;8.438467512;49.25245973;"SRID=4326;POINT(8.43846751211921 49.2524597288652)";plant;;;Kernkraftwerk Philippsburg;EnBW Kernkraft GmbH;
55;8.512111329;49.29396565;"SRID=4326;POINT(8.51211132935593 49.293965649573)";substation;"220000;110000";50;Umspannwerk Altlußheim;EnBW;
56;8.623209675;49.35658225;"SRID=4326;POINT(8.62320967451897 49.3565822492832)";substation;"380000;220000";50;Umspannwerk Neurott;EnBW;
57;8.445542489;48.98608818;"SRID=4326;POINT(8.44554248929306 48.9860881753906)";substation;"220000;110000";50;Umspannwerk Oberwald;;
58;8.641584063;48.89005248;"SRID=4326;POINT(8.64158406338239 48.8900524832355)";substation;"220000;110000";50;220 kV-Umspannwerk Birkenfeld;EnBW;
59;8.563743997;53.03172158;"SRID=4326;POINT(8.56374399744213 53.0317215835514)";substation;"380000;110000";50;Ganderkesee;"TenneT;EON_Netz;EWE";GANK
60;8.474707049;53.42865119;"SRID=4326;POINT(8.47470704898602 53.4286511943138)";substation;"380000;220000;110000";50;Unterweser;EON_Netz;UWES
61;8.51888181;53.20263528;"SRID=4326;POINT(8.51888180951659 53.2026352836834)";substation;110000;50;Umspannwerk Farge;Avacon AG;FARG
62;8.820024872;53.10738829;"SRID=4326;POINT(8.82002487241632 53.1073882918815)";substation;"220000;110000";50;Umspannwerk Blockland;swb Netze GmbH & Co. KG;
63;8.120769098;48.70483543;"SRID=4326;POINT(8.12076909802284 48.7048354259965)";substation;"220000;110000";50;Bühl;EnBW;
64;11.44077465;48.17180355;"SRID=4326;POINT(11.4407746483177 48.1718035473026)";substation;"380000;110000";;Hauptumspannwerk Menzing;Stadtwerke München;MZ
65;13.326405;50.34637219;"SRID=4326;POINT(13.3264049984725 50.3463721850552)";substation;"400000;220000";;Hradec;ČEPS;
66;12.11476441;49.63115505;"SRID=4326;POINT(12.1147644054101 49.6311550521523)";substation;"380000;220000;110000";50;Umspannwerk Etzenricht;"Tennet;EON_Netz";ETZ
67;8.695160756;53.09253608;"SRID=4326;POINT(8.69516075602312 53.0925360847799)";substation;"380000;110000";50;Niedervieland;Wesernetz;NVLD
68;8.77244296;49.97466867;"SRID=4326;POINT(8.77244296019056 49.974668665137)";substation;"380000;220000;110000";;Umspannwerk Urberach;RWE;
69;8.419371059;49.63373568;"SRID=4326;POINT(8.41937105938048 49.6337356823792)";substation;"380000;220000";50;Station Bürstadt;RWE;
70;8.388556368;49.98230508;"SRID=4326;POINT(8.38855636787547 49.9823050841271)";substation;"380000;110000";;Umspannstation Bischofsheim;"RWE; Kraftwerke Mainz-Wiesbaden";
71;12.26217349;51.74102028;"SRID=4326;POINT(12.2621734868101 51.7410202755519)";substation;"380000;110000";50;Umspannwerk Marke;50Hertz;
72;11.89426614;51.40570314;"SRID=4326;POINT(11.8942661378135 51.4057031412478)";substation;"380000;110000";50;Umspannwerk Lauchstädt;"50Hertz;enviaM";
73;13.15709049;51.82845166;"SRID=4326;POINT(13.1570904871893 51.8284516615019)";substation;380000;50;Umspannwerk Schönewalde;50Hertz;
74;13.90243469;51.87472352;"SRID=4326;POINT(13.9024346886892 51.8747235190459)";substation;"380000;110000";50;Umspannwerk Ragow;50Hertz;RAG
75;11.51655497;51.58435921;"SRID=4326;POINT(11.5165549672107 51.5843592098734)";substation;"380000;110000";50;Umspannwerk Klostermansfeld;50Hertz;
76;8.702218449;51.73635258;"SRID=4326;POINT(8.70221844882815 51.7363525828065)";substation;"380000;110000";;Umspannwerk Elsen;TenneT;
77;8.992792404;51.3430094;"SRID=4326;POINT(8.99279240395088 51.343009397907)";substation;"380000;110000";50;Umspannwerk Twistetal;Eon_Netz;
78;11.64637863;50.53487697;"SRID=4326;POINT(11.6463786274424 50.534876971042)";substation;"380000;220000;110000";50;Umspannwerk Remptendorf;50Hertz Transmission GmbH;"RDF;RE"
79;14.47196547;51.55381272;"SRID=4326;POINT(14.4719654742998 51.5538127185923)";substation;"380000;110000";50;Graustein;"50Hertz_Transmission;enviaM";GRS
80;14.50810918;51.41371038;"SRID=4326;POINT(14.5081091811329 51.4137103812427)";substation;380000;50;Umspannwerk Bärwalde;50Hertz;
81;14.42818049;51.88886414;"SRID=4326;POINT(14.4281804852225 51.8888641394403)";substation;"380000;110000";50;Umspannwerk Preilack;50Hertz;PRL
82;8.141913826;53.56400117;"SRID=4326;POINT(8.14191382633093 53.5640011680095)";plant;;;EON Kraftwerk Wilhelmshaven;EON_Netz;
83;10.15628246;54.27554825;"SRID=4326;POINT(10.1562824575947 54.2755482549913)";substation;"220000;110000";50;Kiel-Süd;"EON_Netz;TenneT";
84;10.1773541;54.33952126;"SRID=4326;POINT(10.1773541034729 54.3395212638642)";generator;;;Gemeinschaftskraftwerk Kiel;"E.ON Kraftwerke GmbH;Stadtwerke Kiel AG";
85;7.034967965;52.20286074;"SRID=4326;POINT(7.03496796515083 52.2028607381056)";substation;"380000;220000;110000";;Station Gronau;RWE;
86;7.308204301;52.47683539;"SRID=4326;POINT(7.30820430094578 52.4768353862806)";substation;"380000;220000;110000";50;Hanekenfähr;Amprion;
87;7.060306992;51.69647601;"SRID=4326;POINT(7.06030699176008 51.6964760130648)";substation;"380000;220000;110000";50;Station Kusenhorst;RWE;
88;6.674675321;51.32495747;"SRID=4326;POINT(6.6746753206169 51.3249574728255)";substation;"220000;110000";;Station Gellep;RWE;
89;6.723767145;51.35565438;"SRID=4326;POINT(6.72376714521247 51.3556543809247)";substation;"220000;110000";50;Station Mündelheim;RWE;
90;7.545717723;51.97032442;"SRID=4326;POINT(7.54571772261949 51.9703244223875)";substation;"380000;110000";50;Station Roxel;RWE;
91;7.305614485;52.48014919;"SRID=4326;POINT(7.30561448538174 52.4801491895706)";plant;;;Erdgaskraftwerk Emsland;RWE AG;
92;7.304338755;52.482426;"SRID=4326;POINT(7.30433875539085 52.4824259958004)";substation;380000;;;;
93;7.277153913;52.75324259;"SRID=4326;POINT(7.27715391322869 52.7532425946802)";substation;"380000;110000";50;Meppen;TenneT;MEPP
94;8.307756897;52.34563564;"SRID=4326;POINT(8.30775689679575 52.3456356447783)";substation;"380000;220000;110000";50;Wehrendorf;Amprion;
95;7.889576712;52.27739676;"SRID=4326;POINT(7.88957671235007 52.2773967624078)";substation;"380000;220000;110000";50;Station Westerkappeln;Amprion;
96;7.317849944;52.46911149;"SRID=4326;POINT(7.31784994377907 52.4691114902799)";substation;220000;50;Benteler Stahlwerk;;
97;13.33528038;49.58968986;"SRID=4326;POINT(13.3352803846608 49.5896898612644)";substation;"400000;220000;110000";50;Rozvodna Přeštice;ČEPS;
98;12.21477351;54.10032344;"SRID=4326;POINT(12.2147735096776 54.1003234403618)";substation;380000;50;Bentwisch HGÜ;50Hertz Transmission;
99;6.996476592;49.37540931;"SRID=4326;POINT(6.99647659179489 49.3754093063084)";substation;"380000;220000;110000";50;Umspannwerk Uchtelfangen;Amprion;
100;6.47473977;49.9224693;"SRID=4326;POINT(6.47473977006816 49.9224692993999)";substation;"380000;220000;110000";50;Station Niederstedem;"Amprion; Westnetz";
101;11.6993927;53.57227449;"SRID=4326;POINT(11.6993926965362 53.5722744892702)";substation;380000;;Wessin;50Hertz;
102;11.37063737;53.60099108;"SRID=4326;POINT(11.3706373688866 53.6009910848999)";substation;"380000;110000";50;Görries;"50Hertz;EON_edis";
103;6.948213435;51.44457894;"SRID=4326;POINT(6.94821343461115 51.4445789430072)";substation;"380000;110000";;Station Rosenblumendelle;RWE;
104;6.926758964;51.49920568;"SRID=4326;POINT(6.92675896360373 51.4992056838496)";substation;"380000;220000";50;Station Büscherhof;RWE;
105;6.680787989;51.64629594;"SRID=4326;POINT(6.68078798893986 51.6462959356851)";substation;"380000;220000;110000";;Station Niederrhein;RWE;
106;7.16721461;51.38990676;"SRID=4326;POINT(7.16721460965932 51.3899067582106)";substation;"380000;220000;110000";50;Station Hattingen;Amprion;
107;7.125572911;51.44897726;"SRID=4326;POINT(7.1255729106725 51.4489772588145)";substation;"380000;220000";50;Station Eiberg;RWE;
108;6.99606888;51.51416959;"SRID=4326;POINT(6.99606888010598 51.5141695891404)";substation;"380000;110000";50;Station Karnap;;
109;7.313182843;51.44661139;"SRID=4326;POINT(7.31318284290137 51.4466113896128)";substation;380000;50;Witten;RWE;
110;7.992887233;51.68370772;"SRID=4326;POINT(7.99288723332679 51.6837077155955)";substation;380000;50;Station Uentrop;RWE;
111;8.624800528;51.42788838;"SRID=4326;POINT(8.62480052815036 51.4278883849265)";substation;"380000;110000";50;Station Nehden;Amprion;
112;7.353111869;51.5758105;"SRID=4326;POINT(7.35311186939787 51.5758105020818)";substation;380000;50;Station Mengede;RWE;
113;7.12323883;51.52561218;"SRID=4326;POINT(7.12323882950453 51.5256121803004)";substation;"380000;110000";50;Station Hüllen;RWE;
114;8.211705976;51.17798548;"SRID=4326;POINT(8.21170597594605 51.1779854801194)";substation;"380000;110000";50;Station Arpe;Amprion;
115;6.576482088;51.05559546;"SRID=4326;POINT(6.57648208812114 51.0555954583116)";generator;;;RWE Kraftwerk Frimmersdorf;;
116;6.772523094;51.14710549;"SRID=4326;POINT(6.77252309438106 51.1471054906194)";substation;"220000;110000";50;Station Norf;;
117;6.972577427;50.79569302;"SRID=4326;POINT(6.97257742700703 50.795693017514)";substation;"380000;220000;110000";;Station Sechtem;RWE;
118;7.136894697;50.64286088;"SRID=4326;POINT(7.13689469738717 50.6428608767133)";substation;"380000;110000";50;Station Ließem;Amprion;
119;6.456552466;50.87133804;"SRID=4326;POINT(6.45655246642153 50.8713380368705)";substation;"380000;110000";50;Station Oberzier;Net;
120;7.863945714;50.76824191;"SRID=4326;POINT(7.86394571365263 50.7682419129404)";substation;"380000;220000;110000";50;Station Dauersberg;RWE;
121;6.321664915;50.83834736;"SRID=4326;POINT(6.32166491493505 50.8383473627586)";plant;;;RWE Kraftwerk Weisweiler;RWE;
122;6.16738169;50.80204429;"SRID=4326;POINT(6.16738169006425 50.8020442927138)";substation;"380000;110000";50;Station Verlautenheide;Amprion;
123;6.702203378;51.00886091;"SRID=4326;POINT(6.70220337779745 51.0088609096753)";substation;"380000;220000";50;Station Rommerskirchen;RWE;
124;6.612402315;51.03592426;"SRID=4326;POINT(6.61240231530956 51.0359242594819)";substation;"380000;220000;110000";50;KW Neurath;;
125;6.965684424;51.06932953;"SRID=4326;POINT(6.96568442352005 51.0693295322353)";substation;"380000;220000;110000";;Station Opladen;RWE;
126;7.233196843;51.23250691;"SRID=4326;POINT(7.23319684331545 51.2325069075148)";substation;"380000;110000";50;Station Linde;RWE;
127;6.300901238;50.82895321;"SRID=4326;POINT(6.30090123786765 50.8289532122665)";substation;"380000;110000";50;Umspannwerk Weisweiler;;
128;7.44948529;50.40252766;"SRID=4326;POINT(7.44948529010545 50.4025276621126)";substation;"380000;220000;110000";50;Station Weißenthurm;Amprion;
129;6.625827902;51.26060982;"SRID=4326;POINT(6.62582790177014 51.2606098249047)";substation;"220000;110000";50;Station Osterath;RWE;
130;7.123081952;51.17158878;"SRID=4326;POINT(7.12308195236379 51.1715887782054)";substation;"380000;110000";50;Station Halfeshof;;
131;6.80109334;51.12253905;"SRID=4326;POINT(6.80109333956604 51.1225390518584)";substation;"380000;220000";50;Station Sankt Peter 380 kV;RWE;
132;7.00877914;51.17425492;"SRID=4326;POINT(7.00877914033175 51.1742549180397)";substation;"380000;110000";50;Station Ohligs;Amprion;
133;6.842650662;50.8635385;"SRID=4326;POINT(6.8426506615144 50.8635385008881)";substation;"380000;110000";;Station Knapsack;Amprion;
134;6.80461158;50.9662453;"SRID=4326;POINT(6.80461158012622 50.9662452961379)";substation;"220000;110000";;Station Brauweiler;RWE;
135;7.718627215;51.53420751;"SRID=4326;POINT(7.7186272145384 51.5342075115271)";substation;"380000;110000";;Station Unna;Amprion;
136;7.930770086;51.67297102;"SRID=4326;POINT(7.93077008561427 51.6729710197069)";substation;380000;;Geithe;Trianel;
137;6.221831446;51.69464564;"SRID=4326;POINT(6.22183144595687 51.6946456422206)";substation;"220000;110000";;Station Pfalzdorf;RWE;
138;7.006749879;51.59991142;"SRID=4326;POINT(7.00674987859998 51.5999114220203)";generator;;;Kraftwerk Scholven;;
139;7.037619885;51.59854963;"SRID=4326;POINT(7.03761988504233 51.5985496311832)";substation;"220000;110000";;Station Bergmannsglück;RWE;
140;7.264083463;51.57357341;"SRID=4326;POINT(7.2640834625924 51.5735734103802)";substation;"220000;110000";50;Station Pöppinghausen;Amprion;
141;7.278947113;51.47228168;"SRID=4326;POINT(7.2789471130269 51.4722816773138)";substation;"220000;110000";50;Station Laer;Amprion;
142;7.186677553;51.55058907;"SRID=4326;POINT(7.18667755311932 51.550589070577)";generator;;;Kraftwerk Herne Baukau;Evonik Industries AG;
143;7.351357841;51.56836861;"SRID=4326;POINT(7.35135784054859 51.568368608134)";generator;;;Kraftwerk Knepper;E.On Kraftwerke GmbH;
144;7.179379125;51.47220195;"SRID=4326;POINT(7.17937912538938 51.4722019484347)";substation;"220000;110000";;Station Bochum;Amprion;
145;6.934888697;51.03352234;"SRID=4326;POINT(6.93488869659333 51.0335223350589)";substation;"220000;110000";50;UW Fühlingen;RheinEnergie;
146;6.828135969;51.16267624;"SRID=4326;POINT(6.82813596908193 51.1626762413706)";substation;"220000;110000";50;Station Reisholz;;
147;7.505973297;51.40159255;"SRID=4326;POINT(7.50597329671546 51.401592550355)";substation;"220000;110000";;Umspannwerk Garenfeld;markE;
148;6.846999311;51.20559177;"SRID=4326;POINT(6.84699931064759 51.2055917698058)";substation;"220000;110000";50;Station Eller;"RWE;Stadtwerke Düsseldorf";
149;7.193165783;50.79833506;"SRID=4326;POINT(7.19316578267403 50.798335064694)";substation;"220000;110000";;Station Siegburg;RWE;
150;7.047384524;50.90552861;"SRID=4326;POINT(7.0473845241055 50.9055286094924)";substation;"220000;110000";50;Station Gremberghoven;RWE;
151;6.709673695;51.09094074;"SRID=4326;POINT(6.70967369516713 51.0909407427733)";substation;"220000;110000";;Station Gohrpunkt;Amprion;
152;7.012937426;50.61765849;"SRID=4326;POINT(7.01293742640329 50.6176584938251)";substation;"220000;110000";50;Station Meckenheim;RWE;
153;6.330068589;51.24291615;"SRID=4326;POINT(6.33006858948983 51.2429161503794)";substation;"380000;220000;110000";50;Station Dülken;RWE;
154;7.023544499;50.99906841;"SRID=4326;POINT(7.0235444991641 50.999068409611)";substation;220000;50;Station Dünnwald;;
155;7.724384015;51.40933413;"SRID=4326;POINT(7.72438401522458 51.4093341305984)";substation;"220000;110000";50;Umspannwerk Bixterheide;Amprion;
156;6.842231151;50.85986472;"SRID=4326;POINT(6.84223115147656 50.8598647243573)";substation;"380000;220000";;Kraftwerkschaltanlage Knapsack 1;;
157;8.364229531;51.92712049;"SRID=4326;POINT(8.364229530696 51.9271204904611)";substation;"380000;220000;110000";50;Station Gütersloh;Amprion;
158;6.488123264;50.88107031;"SRID=4326;POINT(6.48812326381716 50.8810703125704)";substation;380000;50;Station Hambach;RWE;
159;8.054087354;53.33230269;"SRID=4326;POINT(8.05408735442182 53.3323026933898)";substation;"380000;220000;110000";50;Conneforde;TenneT;CONN
160;8.477910636;53.42848547;"SRID=4326;POINT(8.47791063608626 53.428485468955)";substation;"380000;220000";50;Kernkraftwerk Unterweser;EON_Netz;
161;8.052837516;53.33388096;"SRID=4326;POINT(8.05283751634017 53.3338809598955)";substation;"220000;110000";50;Conneforde 110/220 kV;"TenneT;EON_Netz";CONN
162;6.851531138;50.98417047;"SRID=4326;POINT(6.85153113794826 50.9841704680083)";substation;"220000;110000";50;Bocklemünd;;
163;6.596019795;50.95252746;"SRID=4326;POINT(6.59601979462215 50.9525274624278)";substation;"380000;110000";50;Station Paffendorf;Amprion;
164;7.338612586;51.63197813;"SRID=4326;POINT(7.33861258614081 51.6319781250427)";substation;"380000;110000";"50;16.7";Schaltanlage Datteln 4;E.ON;
165;7.708318489;51.67620331;"SRID=4326;POINT(7.70831848872651 51.6762033088437)";substation;"380000;220000;110000";50;Station Gersteinwerk;Amprion;
166;7.617020995;51.63713376;"SRID=4326;POINT(7.61702099509812 51.6371337640588)";generator;;;Kraftwerk Bergkamen;"RWE; evonik";
167;7.522280101;51.53219806;"SRID=4326;POINT(7.52228010104186 51.5321980552231)";substation;"220000;110000";50;Station Wambel;Ampirion;
168;6.90660779;51.56524245;"SRID=4326;POINT(6.90660779028721 51.5652424465435)";substation;"380000;110000";50;Station Nordlicht;"RWE; ELE";
169;6.967343931;51.49086189;"SRID=4326;POINT(6.96734393053748 51.4908618864265)";substation;220000;50;LMG;;
170;6.872873594;51.44578334;"SRID=4326;POINT(6.87287359352087 51.4457833372124)";substation;"220000;110000";50;Styrum;;
171;6.868044963;51.37447478;"SRID=4326;POINT(6.86804496307922 51.3744747805902)";substation;"220000;110000";;Station Selbeck;RWE;
172;6.787522517;51.5055501;"SRID=4326;POINT(6.78752251671348 51.505550100013)";substation;"220000;110000";50;Station Hamborn;Amprion;
173;6.622843235;51.25871337;"SRID=4326;POINT(6.62284323546559 51.258713368098)";substation;380000;50;Station Osterath;RWE;
174;6.812165881;51.51962001;"SRID=4326;POINT(6.81216588075166 51.5196200118095)";substation;"220000;110000";50;Station Handbach;Amprion;
175;6.720310001;51.39153254;"SRID=4326;POINT(6.72031000055597 51.3915325380171)";substation;220000;;Station Rheinhausen;Amprion;
176;6.542408443;51.29944581;"SRID=4326;POINT(6.54240844257145 51.2994458149911)";substation;"220000;110000";50;Station Edelstahl Krefeld;;
177;13.0786421;54.28484617;"SRID=4326;POINT(13.0786421047586 54.2848461697305)";substation;"220000;110000";;Umspannwerk Lüdershagen;"50Hertz Transmission GmbH;E.ON edis AG";Lhg
178;8.020290338;50.92361689;"SRID=4326;POINT(8.02029033797883 50.9236168949394)";substation;220000;50;Setzer Wiese;RWE;
179;13.95700555;53.25217163;"SRID=4326;POINT(13.9570055475871 53.252171625753)";substation;"380000;220000";;Bertikow;50Hertz Transmission GmbH;
180;14.27083467;53.09628655;"SRID=4326;POINT(14.270834670665 53.0962865535819)";substation;"220000;110000";50;Vierraden;50Hertz Transmission GmbH;
181;14.03369637;53.5078686;"SRID=4326;POINT(14.0336963684666 53.5078685980791)";substation;"220000;110000";;Pasewalk;"50Hertz Transmission GmbH;E.ON edis AG";
182;14.4762521;53.19674955;"SRID=4326;POINT(14.4762521006827 53.1967495480613)";substation;"400000;220000";;"Stacja elektroenergetyczna ""Krajnik"" 400/220 kV";PSE Operator;KRA
183;9.908847528;53.48804664;"SRID=4326;POINT(9.90884752815356 53.4880466403676)";substation;"380000;110000";50;Umspannwerk Hamburg/Süd;"50Hertz Transmission;Stromnetz Hamburg GmbH";
184;6.617381091;51.47579096;"SRID=4326;POINT(6.61738109142906 51.4757909635544)";substation;"380000;220000;110000";50;Station Utfort;Amprion;
185;6.656735195;51.37952363;"SRID=4326;POINT(6.65673519501182 51.379523634379)";substation;"220000;110000";50;Uerdingen;;
186;6.711145274;51.52618755;"SRID=4326;POINT(6.7111452744645 51.5261875490663)";substation;380000;50;Walsum Block 10;Amprion;
187;6.68934277;51.57642289;"SRID=4326;POINT(6.68934277038931 51.5764228881728)";substation;380000;;Station Zensenbusch;Amprion;
188;6.723652372;51.37584581;"SRID=4326;POINT(6.72365237186396 51.375845810902)";generator;;;Kraftwerk Huckingen;;
189;8.616647673;48.06595379;"SRID=4326;POINT(8.61664767275337 48.0659537906797)";substation;"380000;110000";50;Umspannwerk Trossingen;;TRSNG
190;8.872942805;48.31009126;"SRID=4326;POINT(8.87294280487974 48.3100912582216)";substation;380000;50;EnBW Umspannwerk Engstlatt;EnBW;ENGST
191;6.715252597;51.52679087;"SRID=4326;POINT(6.71525259691926 51.5267908666491)";substation;"220000;110000";50;Station Walsum;Amprion;
192;12.18576518;53.8108598;"SRID=4326;POINT(12.1857651811846 53.8108597989599)";substation;"220000;110000";;Güstrow;EON_edis;
193;6.72256981;51.47978767;"SRID=4326;POINT(6.72256980950278 51.4797876727124)";substation;"380000;220000;110000";50;Station Beeck;;
194;6.683065683;51.57710478;"SRID=4326;POINT(6.68306568260248 51.577104777735)";generator;;;Kraftwerk Voerde;evonik;
195;6.683106977;51.57564551;"SRID=4326;POINT(6.68310697663871 51.5756455059265)";substation;220000;;Station Möllen;;
196;6.745416767;51.49864195;"SRID=4326;POINT(6.74541676675317 51.4986419480434)";substation;220000;;;;
197;6.614278555;51.6186788;"SRID=4326;POINT(6.61427855504049 51.6186788033284)";substation;"220000;110000";50;Spellen;;
198;7.970656894;51.67684467;"SRID=4326;POINT(7.9706568937083 51.6768446667846)";substation;380000;50;;;
199;7.445069304;51.61850009;"SRID=4326;POINT(7.44506930371379 51.6185000869374)";substation;"220000;110000";;Station Elmenhorst;Amprion;
200;6.73212495;51.45944374;"SRID=4326;POINT(6.73212495035583 51.4594437365975)";substation;"220000;110000";50;Station Ruhrort;Amprion;
201;9.251034251;53.11443231;"SRID=4326;POINT(9.25103425143703 53.1144323051271)";substation;"380000;220000;110000";50;Sottrum;EON_Netz;
202;7.320892575;52.47145723;"SRID=4326;POINT(7.32089257541703 52.4714572265383)";plant;;;Kernkraftwerk Emsland;KKW Lippe-Ems;KKE
203;6.759174853;52.24885788;"SRID=4326;POINT(6.75917485282445 52.2488578798871)";substation;380000;;380kV Hengelo;TenneT;
204;7.706327269;51.27858316;"SRID=4326;POINT(7.70632726933662 51.278583155205)";substation;"220000;110000";;Elverlingsen;markE;
205;7.450342045;51.41360821;"SRID=4326;POINT(7.45034204531003 51.413608212821)";plant;;;Koepchenwerk;RWE Power AG;
206;6.634481623;51.03597994;"SRID=4326;POINT(6.63448162267058 51.0359799381303)";plant;;;RWE Kraftwerk Neurath BoA Bl. F/G;;
207;7.607116122;51.8986046;"SRID=4326;POINT(7.60711612154456 51.8986046029193)";substation;220000;50;Amelsbüren;Amprion;
208;7.403544434;51.64444949;"SRID=4326;POINT(7.4035444340631 51.644449487967)";substation;380000;50;Station Lippe;RWE;
209;8.939692527;52.40303324;"SRID=4326;POINT(8.93969252741257 52.4030332405173)";substation;380000;50;Schaltanlage Ovenstädt;TenneT TSO GmbH;3018
210;9.409520327;52.03431667;"SRID=4326;POINT(9.40952032742215 52.034316665873)";plant;;;Kernkraftwerk Grohnde;Gemeinschaftskernkraftwerk Grohnde GmbH & Co. oHG;KWG
211;7.235793445;49.36939236;"SRID=4326;POINT(7.23579344536789 49.3693923629482)";substation;380000;50;Mittelbexbach;Amprion;
212;6.813684315;49.72483407;"SRID=4326;POINT(6.81368431456473 49.7248340737293)";substation;"380000;110000";50;Station Osburg;"Amprion; Westnetz";
213;8.588690496;49.81551406;"SRID=4326;POINT(8.58869049603326 49.8155140579794)";substation;"220000;110000";50;Umspannanlage Pfungstadt;RWE;
214;8.547160925;49.44053967;"SRID=4326;POINT(8.5471609252134 49.4405396661002)";substation;"220000;110000";50;Station Rheinau;Net;
215;8.408269736;49.52856892;"SRID=4326;POINT(8.40826973550855 49.5285689245626)";substation;220000;50;BASF;;
216;9.190787437;48.91441687;"SRID=4326;POINT(9.1907874369222 48.914416873799)";substation;"380000;220000;110000";50;Umspannstation Hoheneck Amprion;Amprion;
217;12.13206997;54.14245988;"SRID=4326;POINT(12.1320699705054 54.14245987564)";generator;;50;Kraftwerk Rostock;;
218;12.21356054;54.11199985;"SRID=4326;POINT(12.2135605440795 54.1119998545154)";substation;"220000;110000";;Bentwisch;E.ON edis AG;
219;8.571258828;52.10536496;"SRID=4326;POINT(8.5712588278729 52.1053649602273)";substation;"380000;110000";50;Eickum;TenneT;
220;8.659372903;51.99961013;"SRID=4326;POINT(8.65937290290079 51.9996101318907)";substation;"380000;220000;110000";50;Umspannwerk Bechterdissen;TenneT;
221;7.311362291;53.12576656;"SRID=4326;POINT(7.31136229105814 53.1257665563186)";substation;"380000;150000;110000";"50;0";Diele;"TenneT;EON_Netz";DIEL
222;6.949483972;53.12353782;"SRID=4326;POINT(6.94948397153705 53.1235378223082)";substation;"380000;220000";;380kV Meeden;TenneT;
223;8.273278146;49.02939809;"SRID=4326;POINT(8.27327814618118 49.0293980916396)";substation;"220000;110000";50;Umspannwerk Maximiliansau;Pfalzwerke AG;
224;8.35233388;49.42127434;"SRID=4326;POINT(8.3523338799966 49.4212743386606)";substation;"220000;110000";50;Netzleitstelle Mutterstadt;Pfalzwerke;
225;7.729201979;49.48264743;"SRID=4326;POINT(7.72920197913641 49.4826474297682)";substation;"220000;110000";50;Otterbach;Amprion;
226;9.797336027;52.00083925;"SRID=4326;POINT(9.79733602695253 52.0008392513306)";substation;"220000;110000";50;Godenau;"TenneT;EON_Netz";
227;10.08215733;48.26609016;"SRID=4326;POINT(10.0821573264928 48.2660901578788)";substation;380000;50;Vöhringen Amprion;Ampirion;
228;8.627161258;49.54359527;"SRID=4326;POINT(8.62716125806072 49.5435952670263)";substation;"220000;110000";50;Umspannwerk Weinheim;;
229;8.501808517;49.44491151;"SRID=4326;POINT(8.50180851652818 49.4449115114399)";substation;"220000;110000";;Mannheim;;
230;10.39177606;48.51846091;"SRID=4326;POINT(10.391776056934 48.5184609117668)";substation;380000;;Umspannwerk Gundelfingen;Amprion;
231;7.958054023;47.59547226;"SRID=4326;POINT(7.95805402328778 47.5954722640613)";substation;"380000;220000";50;Lastverteilung/Schaltanlage Kühmoos;Schluchseewerk AG;
232;10.08375127;48.26886752;"SRID=4326;POINT(10.0837512706734 48.268867515302)";substation;"380000;220000;110000";50;Vöhringen LEW;LEW;Station Nr. 625
233;9.885515098;48.30407436;"SRID=4326;POINT(9.88551509756969 48.3040743584705)";substation;"380000;220000;110000";50;Umspannwerk Dellmensingen;EnBW;
234;9.01340238;47.84534863;"SRID=4326;POINT(9.01340238045655 47.8453486310857)";substation;"220000;110000";50;Umspannwerk Stockach;;
235;8.251925481;47.63976983;"SRID=4326;POINT(8.25192548128222 47.6397698264894)";substation;"220000;110000";50;Umspannwerk Gurtweil;EnBW;
236;9.196756526;48.91296344;"SRID=4326;POINT(9.19675652645089 48.9129634380259)";substation;"220000;110000";50;Umspannwerk Hoheneck EnBW;EnBW;
237;6.139811138;49.66860865;"SRID=4326;POINT(6.13981113770544 49.6686086456422)";substation;"220000;65000";;Heisdorf;;
238;6.620535568;49.74893867;"SRID=4326;POINT(6.62053556843084 49.7489386710632)";substation;220000;50;Station Trier;Amprion;
239;6.702285408;49.82899442;"SRID=4326;POINT(6.70228540768092 49.8289944201161)";substation;"220000;110000";50;Station Quint;"Amprion; Westnetz";
240;8.531514939;50.04787433;"SRID=4326;POINT(8.53151493939883 50.047874332134)";substation;220000;50;Station Kelsterbach;Süwag;
241;8.471371633;50.09720774;"SRID=4326;POINT(8.4713716330449 50.0972077427754)";substation;"380000;110000";50;Umspannwerk Kriftel;Amprion;
242;8.065737966;50.40606811;"SRID=4326;POINT(8.06573796639762 50.4060681118621)";substation;"380000;110000";;Station Limburg;Amprion, Süwag;
243;8.537219028;50.07808505;"SRID=4326;POINT(8.5372190281928 50.078085046277)";substation;"220000;110000";50;Höchst ?;;
244;8.542481134;50.09598835;"SRID=4326;POINT(8.54248113429862 50.0959883485051)";substation;;;;;
245;8.98953615;50.06025506;"SRID=4326;POINT(8.98953614977701 50.0602550608281)";substation;"380000;110000";50;Karlstein;Amprion;
246;8.958708562;50.08260781;"SRID=4326;POINT(8.95870856177306 50.0826078105489)";substation;"380000;220000";50;Umspannwerk Großkrotzenburg;TenneT;
247;10.36338423;47.73833681;"SRID=4326;POINT(10.363384232266 47.7383368092793)";substation;"380000;220000";50;Schaltanlage Leupolz;Amprion;
248;7.461500259;51.61461431;"SRID=4326;POINT(7.46150025901999 51.6146143079042)";generator;;;Trianel Kraftwerk Lünen;Trianel;
249;7.71823232;51.6743422;"SRID=4326;POINT(7.71823231962748 51.6743422007117)";generator;;;Gersteinwerk Block K;;
250;7.715543419;51.67364307;"SRID=4326;POINT(7.71554341949648 51.6736430744508)";generator;;;Gersteinwerk Block F;;
251;7.714594533;51.67309964;"SRID=4326;POINT(7.71459453349968 51.6730996381138)";generator;;;Gersteinwerk Block G;;
252;7.712700934;51.67266366;"SRID=4326;POINT(7.71270093431027 51.672663662233)";generator;;;Gersteinwerk Block I;;
253;7.981221596;51.67352626;"SRID=4326;POINT(7.98122159643085 51.6735262619046)";substation;"380000;110000";50;Station Lippborg;Amprion;
254;7.792567149;49.81054878;"SRID=4326;POINT(7.79256714933307 49.8105487811028)";substation;"220000;110000";50;Niederhausen;;
255;6.920130455;49.97058189;"SRID=4326;POINT(6.92013045452502 49.9705818904706)";substation;"220000;110000";;Station Wengerohr;"Amprion; Westnetz";
256;6.755523406;49.36486959;"SRID=4326;POINT(6.75552340556687 49.3648695914696)";substation;220000;50;Dieffeln;VSE;
257;8.414674596;49.70914681;"SRID=4326;POINT(8.41467459584413 49.7091468139245)";plant;;;Kernkraftwerk Biblis;RWE;
258;9.882804298;51.5155075;"SRID=4326;POINT(9.88280429847019 51.5155074976724)";substation;"220000;110000";50;Umspannwerk Rosdorf;"TenneT;AVACON";
259;9.851393573;51.64913524;"SRID=4326;POINT(9.85139357253472 51.6491352399809)";substation;"220000;110000";50;Hardegsen;"TenneT;EON_Netz";
260;8.785793025;48.5837674;"SRID=4326;POINT(8.78579302528601 48.5837674015328)";substation;"380000;110000";50;EnBW Umspannwerk Oberjettingen;EnBW;OBJTT
261;9.045434968;48.90296201;"SRID=4326;POINT(9.0454349679866 48.9029620137561)";substation;"380000;220000;110000";50;380kV-Umspannwerk Pulverdingen;EnBW Transportnetze AG;
262;9.801317167;47.65250432;"SRID=4326;POINT(9.8013171668981 47.6525043240978)";substation;380000;50;Umspannwerk Obermooweiler;;
263;9.810916892;47.1426453;"SRID=4326;POINT(9.81091689214732 47.142645296653)";substation;"380000;220000";;Umspannwerk Bürs;Vorarlberger Illwerke AG;
264;9.425512386;48.0643508;"SRID=4326;POINT(9.42551238607291 48.0643507981263)";substation;"380000;220000;110000";;Umspannwerk Herbertingen;EnBW;
265;8.104959574;52.26426137;"SRID=4326;POINT(8.10495957410199 52.2642613740358)";substation;"220000;110000";50;Station Lüstringen;Amprion;
266;12.13019063;47.91316548;"SRID=4326;POINT(12.1301906295374 47.9131654820025)";substation;220000;;Umspannwerk Marienberg;Tennet TSO GmbH, E.ON Netz GmbH;
267;6.801823657;51.12478806;"SRID=4326;POINT(6.8018236570969 51.1247880606241)";substation;"220000;110000";50;Station Sankt Peter 220 kV;RWE;
268;7.985067458;50.84222544;"SRID=4326;POINT(7.98506745761923 50.8422254447013)";substation;"220000;110000";50;Station Eiserfeld;Amprion;
269;8.284861779;50.75907352;"SRID=4326;POINT(8.284861778672 50.7590735194915)";substation;"380000;110000";50;Dillenburg;"e.on;Mitte AG";
270;7.224238427;53.34992715;"SRID=4326;POINT(7.22423842685352 53.3499271468647)";substation;"220000;110000";50;Emden-Borßum;"TenneT;EON_Netz";EMDB
271;7.20605284;53.34131925;"SRID=4326;POINT(7.20605284001418 53.3413192541639)";substation;"220000;110000";;Umspannwerk Kraftwerk Emden;;EMDE
272;9.318195236;54.71604941;"SRID=4326;POINT(9.31819523638713 54.7160494089748)";substation;"380000;220000;110000;20000";50;Flensburg;TenneT;FLEN
273;9.270633909;55.03702648;"SRID=4326;POINT(9.27063390877085 55.0370264816237)";substation;"400000;220000;150000";;400 kV Kassø;Energinet.dk;KAS
274;9.433429304;55.01872292;"SRID=4326;POINT(9.43342930362242 55.0187229179606)";substation;"220000;150000;60000";;150 kV Enstedværket;;
275;7.433489114;50.43651954;"SRID=4326;POINT(7.43348911422107 50.4365195361077)";substation;220000;;;;
276;7.593301849;50.38594379;"SRID=4326;POINT(7.59330184856855 50.3859437917469)";substation;"380000;110000";;Station Koblenz;RWE;
277;8.12215702;53.56583233;"SRID=4326;POINT(8.12215702005755 53.5658323292485)";substation;220000;50;Atlantic;;
278;11.56150747;52.12389245;"SRID=4326;POINT(11.5615074728142 52.1238924527264)";substation;"220000;110000";50;Magdeburg (50Hertz);50Hertz Transmission;
279;12.81390991;50.85791851;"SRID=4326;POINT(12.8139099116529 50.8579185114397)";substation;"380000;220000;110000";50;Umspannwerk Röhrsdorf;50Hertz;ROE
280;13.38232338;51.35599616;"SRID=4326;POINT(13.3823233828996 51.3559961579888)";substation;"380000;110000";50;Umspannwerk Streumen;50Hertz;STR
281;12.04498252;50.78125673;"SRID=4326;POINT(12.0449825161601 50.7812567340735)";substation;"380000;220000;110000";;Umspannwerk Weida;50Hertz;
282;12.5182221;51.15707259;"SRID=4326;POINT(12.5182220968156 51.1570725850832)";substation;"380000;220000;110000";50;Eula;50Hertz Transmission;
283;8.480095235;50.59092043;"SRID=4326;POINT(8.48009523461158 50.5909204313802)";substation;"380000;110000";;Umspannwerk Aßlar;E.ON Mitte AG;
284;8.656599236;50.60554913;"SRID=4326;POINT(8.65659923594081 50.6055491256016)";substation;"380000;110000";50;Umspannwerk Gießen Nord;;
285;8.081626706;52.85863748;"SRID=4326;POINT(8.08162670615254 52.858637484526)";substation;220000;50;Cloppenburg 220 kV;TenneT;
286;9.567102012;51.32525733;"SRID=4326;POINT(9.56710201161841 51.3252573276817)";substation;"220000;110000";50;Sandershausen;TenneT;
287;7.746792484;52.28851151;"SRID=4326;POINT(7.74679248425685 52.2885115081219)";substation;220000;;Kraftwerkschaltanlage Ibbenbüren;;
288;7.910729286;48.5012883;"SRID=4326;POINT(7.91072928612534 48.5012882982432)";substation;"220000;110000";50;Umspannwerk Weier;EnBW;
289;7.725706348;52.2771949;"SRID=4326;POINT(7.7257063478071 52.2771949017405)";substation;"220000;110000";50;Station Ibbenbüren;Amprion;
290;14.21922829;51.12070799;"SRID=4326;POINT(14.2192282929357 51.120707992198)";substation;"380000;110000";;Umspannwerk Schmölln;"50Hertz;ENSO";
291;14.57008655;51.41901368;"SRID=4326;POINT(14.5700865498873 51.4190136844256)";generator;;;Kraftwerk Boxberg;Vattenfall Europe;
292;11.6441811;51.90851287;"SRID=4326;POINT(11.6441811001256 51.908512873438)";substation;"220000;110000";50;Umspannwerk Förderstedt;50Hertz;MD 38
293;11.47469082;50.60401548;"SRID=4326;POINT(11.4746908222742 50.6040154814218)";plant;220000;50;Pumpspeicherkraftwerk Hohenwarte II;;
294;10.99101463;50.57352699;"SRID=4326;POINT(10.9910146333086 50.573526990181)";substation;"380000;110000";50;Umspannwerk Altenfeld;50Hertz;
295;10.50549912;52.30183791;"SRID=4326;POINT(10.5054991208047 52.3018379056382)";substation;220000;;Umspannwerk Braunschweig Nord;EON_Netz;
296;9.11362796;52.54579247;"SRID=4326;POINT(9.11362795987411 52.5457924749284)";plant;;;Kraftwerk Robert Frank;Statkraft Germany;
297;10.36923005;52.16709243;"SRID=4326;POINT(10.3692300485918 52.1670924338554)";substation;"220000;110000";50;Salzgitter-Hallendorf;"TenneT;EON_Netz";
298;10.41954063;52.23696066;"SRID=4326;POINT(10.4195406346214 52.2369606619834)";substation;220000;;Gleidingen 220 kV;TenneT;
299;10.0876468;52.31513055;"SRID=4326;POINT(10.0876467999739 52.3151305547947)";substation;"220000;110000";;Mehrum (220 kV);;
300;8.403141436;52.60964401;"SRID=4326;POINT(8.40314143640892 52.609644011383)";substation;"220000;110000";50;Station Sankt Hülfe;Amprion;
301;10.23586311;52.29345954;"SRID=4326;POINT(10.2358631058452 52.2934595399896)";substation;"380000;110000";50;Klein Ilsede;;U4
302;9.514240091;51.25903558;"SRID=4326;POINT(9.5142400914841 51.2590355805955)";substation;"380000;110000";;Umspannwerk Bergshausen;TenneT;
303;9.387651257;51.64073353;"SRID=4326;POINT(9.38765125748855 51.640733525594)";substation;"380000;220000;110000";;Umspannanlage Würgassen;;
304;9.774150438;50.52874965;"SRID=4326;POINT(9.77415043834156 50.5287496465011)";substation;"380000;110000";50;UW Dipperz;Tennet;
305;9.177459676;49.03780985;"SRID=4326;POINT(9.17745967557079 49.037809850476)";substation;"380000;110000";"50;16.7";Umrichterwerk Neckarwestheim;DB_Energie;
306;9.177311103;49.0393782;"SRID=4326;POINT(9.17731110343941 49.039378200434)";substation;380000;;Gemeinschaftskraftwerk Neckarwestheim 2;;
307;9.15135395;49.14338341;"SRID=4326;POINT(9.15135394990856 49.1433834119236)";substation;"380000;220000;110000";;380-kV-Umspannwerk Großgartach;;
308;10.187834;49.98121904;"SRID=4326;POINT(10.1878339995516 49.981219040845)";substation;380000;;Grafenrheinfeld;;GR
309;9.446918671;49.59026293;"SRID=4326;POINT(9.44691867105201 49.5902629324336)";substation;"380000;110000";50;Umspannwerk Höpfingen;EnBW;
310;9.207364431;49.17663795;"SRID=4326;POINT(9.20736443093694 49.1766379540065)";generator;;;Heizkraftwerk Heilbronn;;
311;9.694656355;49.23259254;"SRID=4326;POINT(9.69465635518013 49.2325925411591)";substation;"380000;110000";50;Umspannwerk Kupferzell;EnBW;
312;10.11748669;48.89710534;"SRID=4326;POINT(10.1174866946797 48.8971053361382)";substation;"380000;220000;110000";50;Umspannwerk Goldshöfe;EnBW;
313;12.33742291;51.19696836;"SRID=4326;POINT(12.3374229103144 51.1969683571228)";substation;"380000;110000";;Pulgar;"50 Hertz Transmission;Stadtwerke Leipzig";
314;10.86756588;48.53946909;"SRID=4326;POINT(10.8675658805484 48.5394690937344)";substation;380000;;Station Meitingen;Net;
315;10.84086956;48.23803101;"SRID=4326;POINT(10.8408695619217 48.2380310092335)";substation;"380000;220000;110000";50;Umspannwerk Oberottmarshausen;Lech-Elektrizitätswerke;173A
316;10.93672893;48.40130644;"SRID=4326;POINT(10.9367289314287 48.4013064414835)";substation;"380000;110000";50;"Umspannwerk Lechhausen; Übernahmestation Lechhausen";"Lechwerke;Stadtwerke Augsburg";"613 U;1000"
317;10.87393576;47.24442393;"SRID=4326;POINT(10.8739357569814 47.2444239286028)";substation;"380000;220000;110000";50;APG Umspannwerk Westtirol;Austrian Power Grid AG;
318;10.86376162;48.54682311;"SRID=4326;POINT(10.8637616199498 48.5468231051405)";substation;"380000;110000";;Umspannwerk Meitingen;Elektrizitätswerke Augsburg;122 U
319;9.704231499;48.46506373;"SRID=4326;POINT(9.70423149899321 48.465063732143)";substation;"380000;110000";50;EnBW Umspannwerk Laichingen;EnBW;
320;9.400631395;48.66694244;"SRID=4326;POINT(9.40063139462492 48.6669424396984)";substation;"380000;220000;110000";;EnBW Umspannwerk Wendlingen;;
321;7.572437313;48.01887499;"SRID=4326;POINT(7.5724373132812 48.0188749889275)";substation;400000;;Poste électrique de Vogelgrun;;
322;7.751862498;48.09640572;"SRID=4326;POINT(7.75186249820802 48.0964057188536)";substation;"220000;110000";50;220-kV-Umspannwerk Eichstetten;EnBW;
323;12.47724652;50.75312008;"SRID=4326;POINT(12.4772465232803 50.7531200813148)";substation;"220000;110000";50;Crossen;;
324;14.94649729;51.06258622;"SRID=4326;POINT(14.9464972856333 51.0625862159619)";substation;"380000;110000";50;Umspannwerk Hagenwerder;50Hertz;HGW
325;15.11499074;51.09057956;"SRID=4326;POINT(15.1149907448572 51.0905795559394)";substation;"400000;220000;110000";;"Stacja elektroenergetyczna ""Mikułowa"" 400/220/110 kV";PSE Operator;MIK
326;13.84126808;50.99017594;"SRID=4326;POINT(13.8412680841242 50.9901759359427)";substation;"380000;110000";50;Umspannwerk DD-Süd;"Vattenfall;ENSO Strom AG;DREWAG";
327;13.25555502;50.93017824;"SRID=4326;POINT(13.255555023675 50.9301782416399)";substation;380000;50;Freiberg/Nord (380 kV);50Hertz Transmission;
328;13.08187712;48.25652124;"SRID=4326;POINT(13.0818771201792 48.2565212405017)";substation;;;Umspannwerk St. Peter;Austrian Power Grid AG;
329;13.00278211;48.26196827;"SRID=4326;POINT(13.0027821071279 48.261968265807)";substation;220000;;Umspannwerk Simbach;Tennet, E.on Netz;
330;12.22083536;48.58573299;"SRID=4326;POINT(12.2208353620671 48.5857329876532)";substation;"220000;110000";50;Umspannwerk Altheim;TenneT TSO GmbH, E.ON Netz GmbH;AHM
331;12.74744423;48.14875584;"SRID=4326;POINT(12.7474442277007 48.1487558434787)";substation;"220000;110000";50;Umspannwerk Pirach;TenneT TSO GmbH, E.ON Netz GmbH;PI
332;13.10343464;48.66679296;"SRID=4326;POINT(13.1034346393158 48.6667929606034)";substation;"380000;220000;110000";50;Umspannwerk Pleinting;TenneT TSO GmbH, E.ON Netz GmbH;PT
333;9.196982359;54.85109861;"SRID=4326;POINT(9.19698235871826 54.8510986052119)";substation;"380000;110000;20000";50;Umspannwerk Jardelund;TenneT;
334;11.1937278;50.16221444;"SRID=4326;POINT(11.193727795361 50.1622144406172)";substation;"380000;110000";;Umspannwerk Redwitz;;RED
335;10.83601575;49.92806739;"SRID=4326;POINT(10.8360157547717 49.9280673897058)";substation;380000;;Umspannwerk Oberhaid;TenneT TSO GmbH;OD
336;11.81070255;50.18376553;"SRID=4326;POINT(11.8107025453557 50.1837655260691)";substation;"380000;220000;110000";50;Umspannwerk Mechlenreuth;"TenneT TSO GmbH;E.ON Netz GmbH";MH
337;12.29688379;48.60690992;"SRID=4326;POINT(12.2968837896062 48.6069099225677)";substation;380000;;Isar;;IS
338;12.08225445;49.29744777;"SRID=4326;POINT(12.0822544456506 49.2974477669261)";substation;"380000;220000;110000";50;Schwandorf;TenneT TSO GmbH, E.ON Netz GmbH;SD
339;8.953681213;49.56744317;"SRID=4326;POINT(8.95368121281126 49.5674431691125)";substation;"220000;110000";50;Beerfelden;;
340;12.46964401;51.37166295;"SRID=4326;POINT(12.4696440085589 51.3716629493371)";substation;"220000;110000";50;Umspannwerk Taucha;"50Hertz;enviaM";
341;12.24882391;51.19788243;"SRID=4326;POINT(12.2488239057592 51.1978824277899)";substation;"220000;110000";50;Großdalzig;"50Hertz Transmission;enviaM";
342;10.73466943;51.44018676;"SRID=4326;POINT(10.7346694298176 51.4401867580454)";substation;220000;50;Wolkramshausen (220 kV);50Hertz;WK
343;11.00491691;50.50741497;"SRID=4326;POINT(11.0049169149012 50.5074149690608)";substation;380000;50;Pumpspeicherwerk Goldisthal;;
344;13.0025899;50.86591272;"SRID=4326;POINT(13.0025898987886 50.8659127196838)";substation;"220000;110000";50;Niederwiesa;eins-Energie;Nws
345;12.24283692;50.56745317;"SRID=4326;POINT(12.2428369226029 50.5674531670625)";substation;"220000;110000";50;Umspannwerk Herlasgrün;"50Hertz;enviaM";Her
346;13.24902837;52.53162389;"SRID=4326;POINT(13.249028367237 52.5316238928337)";substation;"380000;110000";50;Umspannwerk Reuter;50Hertz;
347;13.31551585;52.52199937;"SRID=4326;POINT(13.3155158513838 52.5219993683183)";substation;"380000;110000";50;Umspannwerk Charlottenburg;50Hertz;
348;13.36865846;52.50314221;"SRID=4326;POINT(13.3686584616208 52.5031422115792)";substation;"380000;110000";;Berlin/Mitte;"50Hertz;Stromnetz Berlin";
349;11.79241384;48.83822402;"SRID=4326;POINT(11.7924138446413 48.8382240226632)";substation;"220000;110000";;Umspannwerk Sittling;"TenneT TSO GmbH;E.ON Netz GmbH";SIT
350;11.32695268;49.39347312;"SRID=4326;POINT(11.3269526751765 49.393473117636)";substation;"220000;110000";50;Umspannwerk Ludersheim;"TenneT TSO GmbH;E.ON Netz GmbH";LU
351;11.50773055;48.76112399;"SRID=4326;POINT(11.5077305510922 48.7611239877457)";substation;"380000;220000;110000";50;Ingolstadt;;IN
352;11.80760564;48.4554268;"SRID=4326;POINT(11.8076056361242 48.4554267991033)";substation;"220000;110000";;Zolling - Irsching;;ZOL
353;11.58137052;48.76489405;"SRID=4326;POINT(11.5813705216127 48.7648940508515)";substation;"380000;220000;110000";50;Irsching;;IRS
354;11.63931211;48.17878341;"SRID=4326;POINT(11.6393121107521 48.1787834095237)";substation;"380000;110000";50;Föhring;;
355;6.177914512;49.95306508;"SRID=4326;POINT(6.17791451185192 49.9530650802033)";substation;220000;;Vianden;SEO;
356;6.211020315;49.95862575;"SRID=4326;POINT(6.21102031526762 49.9586257531557)";substation;220000;50;SA Bauler;Amprion;
357;6.114517007;49.90536466;"SRID=4326;POINT(6.11451700702834 49.9053646588261)";substation;"220000;65000";;Flebour;;
358;6.08346045;49.77644062;"SRID=4326;POINT(6.08346044961418 49.7764406189112)";substation;"220000;65000";;Roost;;
359;6.276941785;49.19774007;"SRID=4326;POINT(6.27694178519793 49.1977400673896)";substation;"400000;225000";;Poste électrique de Vigy;RTE;
360;6.773207838;49.29107421;"SRID=4326;POINT(6.77320783777607 49.2910742103854)";substation;"380000;220000;110000";50;Umspannanlage Ensdorf;;
361;6.703652357;49.13851119;"SRID=4326;POINT(6.70365235663769 49.1385111923078)";substation;"400000;225000;90000";;Poste électrique de Saint-Avold;RTE;
362;8.049363524;47.55088185;"SRID=4326;POINT(8.04936352422006 47.550881853478)";substation;"380000;220000";50;Laufenburg;;
363;7.500061734;51.53517409;"SRID=4326;POINT(7.50006173413631 51.535174092458)";substation;220000;50;Ratsbusch;;
364;6.97593254;51.03760073;"SRID=4326;POINT(6.97593254033334 51.0376007284972)";substation;"220000;110000";;Station Dhünnaue;;
365;13.242849;52.53495399;"SRID=4326;POINT(13.2428489964032 52.5349539946502)";generator;;;Heizkraftwerk Reuter West;;
366;8.562181934;49.13294994;"SRID=4326;POINT(8.56218193445384 49.132949935954)";substation;"380000;110000";50;Umspannwerk Bruchsal-Kändelweg;"EnBW;TransnetBW;NetzeBW";
367;8.441315485;49.25140265;"SRID=4326;POINT(8.4413154852023 49.2514026469585)";substation;380000;50;Philippsburg 380 kV;EnBW;
368;7.942081286;47.65334155;"SRID=4326;POINT(7.94208128553147 47.6533415488354)";generator;;;Kavernenkraftwerk Wehr;;
369;9.068791058;53.56664141;"SRID=4326;POINT(9.06879105808819 53.5666414121342)";substation;"380000;110000";50;Alfstedt;EON_Netz;
370;6.741376172;49.35749194;"SRID=4326;POINT(6.7413761724965 49.3574919373628)";substation;220000;50;UA Dillinger Hütte Mitte;;
371;6.749700094;49.36517637;"SRID=4326;POINT(6.74970009407096 49.3651763747607)";substation;220000;50;UA Obergraben;Amprion;
372;6.766015645;49.36007715;"SRID=4326;POINT(6.76601564520935 49.3600771523749)";substation;"220000;110000";50;Station Saarwellingen;Amprion;
373;12.15040162;49.01275181;"SRID=4326;POINT(12.1504016214021 49.0127518128214)";substation;220000;;Umspannwerk Regensburg;TenneT TSO GmbH, E.ON Netz GmbH;RE
374;7.591359841;51.92844167;"SRID=4326;POINT(7.5913598406626 51.928441667004)";substation;"220000;110000";50;Station Münster;RWE;
375;8.451544373;49.00740291;"SRID=4326;POINT(8.45154437251894 49.0074029130057)";substation;"220000;110000";50;Karlsruhe-Rintheim;;
376;8.99620818;52.37958799;"SRID=4326;POINT(8.99620817966153 52.379587985752)";substation;380000;50;KW Heyden;;
377;9.562823374;48.70148982;"SRID=4326;POINT(9.56282337410874 48.7014898200493)";substation;"380000;110000";50;EnBW Umspannwerk Bünzwangen;EnBW;BZW
378;9.370845416;48.71912333;"SRID=4326;POINT(9.37084541589578 48.7191233300187)";substation;"380000;110000";50;EnBW Umspannwerk Altbach 1;;
379;9.377605776;48.81260686;"SRID=4326;POINT(9.37760577643558 48.812606857093)";substation;"380000;110000";;EnBW Umspannwerk Endersbach;Netze BW;
380;9.821583802;52.42485525;"SRID=4326;POINT(9.82158380229154 52.4248552546066)";substation;"220000;110000";50;Lahe;enercity Netzgesellschaft mbH;LAH
381;9.076225436;49.36338696;"SRID=4326;POINT(9.0762254363019 49.3633869626072)";substation;"220000;110000";50;Obrigheim;;
382;10.16029127;49.98919478;"SRID=4326;POINT(10.1602912689993 49.9891947837947)";substation;"380000;220000;110000";50;Umspannwerk Bergrheinfeld;TenneT TSO GmbH;BRF
383;10.19649157;50.0279724;"SRID=4326;POINT(10.1964915719944 50.0279724033143)";substation;"220000;110000";50;Schweinfurt;;
384;10.8431178;49.37869269;"SRID=4326;POINT(10.8431177989998 49.3786926858391)";substation;"380000;220000;110000";50;Umspannwerk Raitersaich;"TenneT TSO GmbH;E.ON Netz GmbH";RAI
385;9.090517549;49.97004137;"SRID=4326;POINT(9.09051754868887 49.9700413735997)";substation;"380000;220000;110000";50;Umspannwerk Aschaffenburg;"TenneT TSO GmbH;E.ON Netz GmbH";AS
386;8.813994194;51.98343663;"SRID=4326;POINT(8.8139941935628 51.9834366294197)";substation;"220000;110000";;Umspannwerk Lage;;
387;8.932218439;52.19331243;"SRID=4326;POINT(8.93221843866486 52.1933124298166)";substation;"220000;110000";50;Veltheim;;
388;8.959044132;52.27849498;"SRID=4326;POINT(8.95904413219088 52.2784949764899)";substation;"220000;110000";50;Umspannwerk Meißen;EON_WestfalenWeser;
389;9.594301589;49.79844273;"SRID=4326;POINT(9.59430158866246 49.7984427303145)";substation;"220000;110000";50;Umspannwerk Trennfeld;"TenneT TSO GmbH;E.ON Netz GmbH";TRE
390;10.9729039;49.55850738;"SRID=4326;POINT(10.9729038959004 49.5585073756737)";substation;"380000;110000";50;Kriegenbrunn;EON_Netz;KRI
391;8.954644121;50.08601573;"SRID=4326;POINT(8.95464412133747 50.0860157333265)";substation;"220000;110000";50;Kraftwerkseinspeisung Staudinger;;
392;7.175904389;51.47557825;"SRID=4326;POINT(7.17590438914786 51.4755782506206)";substation;220000;;UW Stahlwerk ThyssenKrupp Nirosta;;
393;10.23164155;48.52976228;"SRID=4326;POINT(10.231641549556 48.5297622792522)";substation;"380000;110000";50;Umspannwerk Niederstotzingen;EnBW;
394;10.22245399;48.73675223;"SRID=4326;POINT(10.2224539935941 48.7367522347984)";substation;"380000;110000";50;Umspannwerk Rotensohl;EnBW;
395;9.645335033;47.74459611;"SRID=4326;POINT(9.64533503255392 47.7445961090448)";substation;"380000;110000";50;380kV-Umspannwerk Grünkraut;;
396;10.40158686;48.50992974;"SRID=4326;POINT(10.4015868558303 48.5099297352537)";substation;"380000;110000";50;Gundremmingen;LEW;Station 179 U
397;8.809623309;50.20347481;"SRID=4326;POINT(8.80962330905886 50.2034748086043)";substation;"380000;110000";;Umspannwerk Karben;TenneT;
398;9.72460611;54.28827025;"SRID=4326;POINT(9.72460611042234 54.2882702503445)";substation;"380000;110000";50;Audorf;TenneT;
399;9.097142209;48.82776184;"SRID=4326;POINT(9.09714220939812 48.8277618380686)";substation;"220000;110000";;Umspannwerk Weilimdorf;;
400;8.628864933;51.99363407;"SRID=4326;POINT(8.62886493303814 51.9936340707213)";substation;"220000;110000";50;Umspannwerk Bielefeld Ost;Stadtwerke Bielefeld GmbH;
401;10.0604081;54.34877082;"SRID=4326;POINT(10.0604081018258 54.3487708201584)";substation;"220000;110000";50;Umspannwerk Kiel West;TenneT;
402;9.449636527;53.9672865;"SRID=4326;POINT(9.44963652666114 53.967286497351)";substation;"220000;110000";50;Itzehoe/West;TenneT TSO GmbH;
403;8.258859948;47.63421162;"SRID=4326;POINT(8.25885994832776 47.6342116213731)";substation;"380000;220000;110000";50;Tiengen;Amprion;
404;8.23209442;47.55614348;"SRID=4326;POINT(8.23209442033504 47.5561434831307)";substation;"380000;220000";;Betznau;;
405;7.752590557;47.53913302;"SRID=4326;POINT(7.75259055668336 47.5391330214816)";substation;380000;;Asphard;ALPIQ AXPO;
406;8.861525753;47.80643532;"SRID=4326;POINT(8.86152575255362 47.8064353220893)";substation;"220000;110000";50;Beuren;;
407;13.14567292;55.50160258;"SRID=4326;POINT(13.1456729233878 55.5016025811583)";substation;"400000;130000";;;;
408;10.80235797;53.89754741;"SRID=4326;POINT(10.8023579660248 53.8975474102628)";substation;"380000;110000";;HGÜ Baltic-Cable - Stromrichterstation Herrenwyk;;
409;9.215650143;48.85230532;"SRID=4326;POINT(9.21565014323537 48.8523053231829)";substation;"380000;110000";50;Umspannwerk Mühlhausen;EnBW AG;
410;10.40128139;48.51460841;"SRID=4326;POINT(10.4012813869114 48.5146084080517)";plant;;;Kernkraftwerk Gundremmingen;Kernkraftwerk Gundremmingen GmbH;KRB
411;8.737572689;51.70016927;"SRID=4326;POINT(8.73757268935919 51.7001692737445)";substation;"220000;110000";50;Umspannwerk Paderborn Süd;TenneT;
412;10.64146771;53.91916269;"SRID=4326;POINT(10.6414677086397 53.9191626884641)";substation;"220000;110000";50;Lübeck;"TenneT;EON_Netz";
413;8.673717289;49.29043939;"SRID=4326;POINT(8.67371728898445 49.2904393851271)";substation;"380000;220000;110000";50;Umspannwerk Wiesloch;EnBW;
414;9.487895027;53.63655776;"SRID=4326;POINT(9.48789502699389 53.6365577623199)";substation;220000;50;Götzdorf;;
415;9.491510793;53.65809828;"SRID=4326;POINT(9.49151079250535 53.6580982806881)";substation;220000;50;Abbenfleth;TenneT;
416;7.472266857;47.64661034;"SRID=4326;POINT(7.47226685748746 47.6466103447741)";substation;400000;;Poste électrique de Sierentz;;
417;13.44285419;48.43454636;"SRID=4326;POINT(13.4428541936116 48.4345463643775)";substation;220000;;Freiluftschaltanlage KW Schärding-Neuhaus;;
418;13.7106901;48.51930516;"SRID=4326;POINT(13.7106901040113 48.5193051606747)";substation;220000;;Jochenstein;;
419;6.025028728;54.35402869;"SRID=4326;POINT(6.02502872785802 54.3540286881643)";substation;150000;;BorWin Alpha;BARD Engineering;
420;6.02503295;54.35493295;"SRID=4326;POINT(6.02503294993986 54.3549329471359)";substation;150000;;BorWin Beta;;
421;9.091835297;49.29461887;"SRID=4326;POINT(9.09183529743294 49.2946188662059)";substation;"380000;220000;110000";50;Umspannwerk Hüffenhardt;;
422;8.663783158;49.36008737;"SRID=4326;POINT(8.66378315807233 49.3600873718872)";substation;"220000;110000";50;Umspannanlage Heidelberg-Süd;Stadtwerke Heidelberg Netze GmbH;
423;7.958491273;47.57914832;"SRID=4326;POINT(7.95849127307054 47.5791483196323)";generator;;;Kavernenkraftwerk Säckingen;Schluchseewerk AG;
424;8.349126123;49.01305212;"SRID=4326;POINT(8.34912612288763 49.0130521177978)";substation;"220000;110000";50;Karlsruhe-West;;
425;10.42038956;52.16520043;"SRID=4326;POINT(10.4203895577612 52.1652004276784)";substation;220000;50;;Salzgitter AG;
426;10.38847218;52.15136493;"SRID=4326;POINT(10.3884721771883 52.1513649329361)";substation;220000;;;;
427;8.306262651;49.01282584;"SRID=4326;POINT(8.30626265141083 49.0128258362562)";substation;380000;50;;EnBW AG;
428;14.45988682;51.83327592;"SRID=4326;POINT(14.4598868223649 51.8332759246019)";plant;;;Kraftwerk Jänschwalde;Vattenfall Europe;
429;6.216192971;50.9123618;"SRID=4326;POINT(6.21619297137216 50.9123617956925)";substation;"380000;110000";50;Siersdorf;;
430;5.918527345;51.14842639;"SRID=4326;POINT(5.91852734477995 51.1484263858426)";substation;380000;;380kV Maasbracht;TenneT;
431;6.214015399;50.94389986;"SRID=4326;POINT(6.2140153990158 50.9438998573728)";auxillary_T_node;380000;50;Kirchberg Süd;Amprion;
432;10.96625834;47.26953047;"SRID=4326;POINT(10.9662583424068 47.2695304688802)";substation;"220000;110000";;Silz;TIWAG-Netz AG;
433;11.27772104;47.49587267;"SRID=4326;POINT(11.2777210418419 47.4958726669837)";substation;"220000;110000";50;Umspannwerk Krün;E.ON Netz GmbH;
434;11.28694383;47.49286246;"SRID=4326;POINT(11.2869438320852 47.4928624569052)";auxillary_T_node;220000;50;Silz (AT) - Krün (DE) - Oberbrunn;;"250;251"
435;13.50533684;52.47477885;"SRID=4326;POINT(13.5053368398164 52.4747788520482)";auxillary_T_node;220000;50;302 Marzahn - Thyrow;50Hertz;302
436;8.4654298;48.04352362;"SRID=4326;POINT(8.46542980021065 48.0435236210637)";substation;"380000;110000";50;Umspannwerk Villingen;"EnBW; Energiedienst";
437;8.53055555;47.91484818;"SRID=4326;POINT(8.53055554991256 47.9148481845625)";auxillary_T_node;380000;50;ENGST-KUHMO-VILLI;EnBW;7630
438;8.248729016;48.84631652;"SRID=4326;POINT(8.24872901623214 48.8463165189067)";substation;"220000;110000";50;220-kV-Umspannwerk Kuppenheim;;
439;8.249750457;48.84917737;"SRID=4326;POINT(8.24975045659741 48.8491773731136)";auxillary_T_node;220000;50;Daxlanden - Weier;EnBW;DAXLA-KUMRA-WEIER
440;9.459677479;53.86465745;"SRID=4326;POINT(9.45967747872262 53.8646574512707)";auxillary_T_node;220000;50;202;TenneT;202
441;11.47039412;50.93039023;"SRID=4326;POINT(11.4703941249156 50.9303902294723)";substation;"380000;110000";50;Großschwabhausen;"50Hertz;EON_TEAG";
442;11.42990658;50.91144646;"SRID=4326;POINT(11.4299065773025 50.9114464610955)";auxillary_T_node;380000;50;415;50Hertz;415
443;7.254656882;53.02667163;"SRID=4326;POINT(7.25465688214231 53.0266716315927)";substation;380000;50;Umspannwerk Rhede;TenneT;RHED
444;7.255017735;53.02671369;"SRID=4326;POINT(7.25501773539194 53.0267136928067)";auxillary_T_node;380000;50;Emsland West;"Amprion;TenneT";305
445;7.371856394;52.19770665;"SRID=4326;POINT(7.37185639416872 52.1977066547834)";auxillary_T_node;220000;50;Amelsbüren;Amprion;
446;13.39982884;53.79444778;"SRID=4326;POINT(13.399828840425 53.7944477778114)";substation;220000;50;Umspannwerk Windpark Iven;50Hertz Transmission;
447;13.39847083;53.79333188;"SRID=4326;POINT(13.3984708281663 53.7933318754816)";auxillary_T_node;220000;50;316;50Hertz Transmission;316
448;7.424745246;51.45925839;"SRID=4326;POINT(7.42474524551043 51.4592583943398)";auxillary_T_node;380000;50;Schwerterheide Nord;Amprion;
449;7.123360468;51.44734439;"SRID=4326;POINT(7.12336046768833 51.4473443869048)";auxillary_T_node;380000;50;Oerkhaus West;Amprion;
450;7.416707912;51.45705216;"SRID=4326;POINT(7.41670791195847 51.4570521583476)";substation;"380000;220000;110000";50;Station Kruckel;"RWE;DSW 21; AVU";
451;7.416582614;51.46078236;"SRID=4326;POINT(7.41658261384975 51.4607823586596)";auxillary_T_node;380000;50;Witten West;Amprion;
452;6.53175001;50.39005126;"SRID=4326;POINT(6.53175001008574 50.39005126464)";substation;"380000;110000";;Station Dahlem;"Amprion; Westnetz";
453;6.533036531;50.39224278;"SRID=4326;POINT(6.53303653131644 50.3922427776709)";auxillary_T_node;380000;50;Selhausen West;Amprion;
454;6.608792268;51.03467877;"SRID=4326;POINT(6.60879226770999 51.0346787720857)";auxillary_T_node;380000;50;Neurath 2b;Amprion;
455;6.808906247;51.26860759;"SRID=4326;POINT(6.80890624663756 51.2686075940546)";substation;380000;50;Station Rath;;
456;6.720331675;51.34412358;"SRID=4326;POINT(6.72033167479422 51.3441235773954)";auxillary_T_node;380000;50;Meerbusch West;Amprion;
457;7.139374734;51.56083139;"SRID=4326;POINT(7.13937473425833 51.5608313916517)";auxillary_T_node;220000;50;Hochlarmark West;Amprion;
458;7.41946378;51.45751009;"SRID=4326;POINT(7.41946378046051 51.4575100936229)";auxillary_T_node;220000;50;Haarstrang Ost;Amprion;
459;7.19597933;51.41157531;"SRID=4326;POINT(7.19597933005019 51.4115753148661)";substation;220000;;Station Welper;RWE;
460;7.17920262;51.42182448;"SRID=4326;POINT(7.17920262035811 51.4218244823956)";auxillary_T_node;220000;50;Welper Ost;Amprion;
461;7.324279583;51.62138747;"SRID=4326;POINT(7.32427958320741 51.6213874676194)";substation;220000;50;Rheinzink;;
462;7.343713344;51.61310494;"SRID=4326;POINT(7.34371334412713 51.6131049439167)";auxillary_T_node;220000;50;Elmenhorst Süd;Amprion;
463;6.522725489;51.32249547;"SRID=4326;POINT(6.52272548882226 51.3224954692993)";auxillary_T_node;220000;50;Utfort West;Amprion;
464;6.963305454;50.83376292;"SRID=4326;POINT(6.96330545403678 50.8337629177582)";substation;"220000;110000";50;Station Bollenacker;RWE;
465;6.929092691;50.84415297;"SRID=4326;POINT(6.92909269080674 50.8441529722133)";auxillary_T_node;220000;50;Godorf Ost;Amprion;
466;7.095826719;50.82687168;"SRID=4326;POINT(7.09582671880563 50.8268716757217)";substation;"220000;110000";;Station Stockem;Westnetz;
467;7.09435791;50.82696709;"SRID=4326;POINT(7.09435790958289 50.8269670893312)";auxillary_T_node;220000;50;Gremberghoven Ost;Amprion;
468;6.577290577;51.55639118;"SRID=4326;POINT(6.57729057687864 51.5563911802085)";substation;"220000;110000";50;Station Ossenberg;Amprion;
469;6.650667414;51.55370227;"SRID=4326;POINT(6.65066741434228 51.5537022721424)";auxillary_T_node;220000;50;Wesel Ost;Amprion;
470;7.825990433;51.75006755;"SRID=4326;POINT(7.82599043340792 51.7500675542728)";auxillary_T_node;380000;50;Uentrop Nord;Amprion;
471;6.928979054;50.84381695;"SRID=4326;POINT(6.9289790539233 50.84381694694)";auxillary_T_node;220000;50;Olefin West;Amprion;
472;7.99395912;51.82309543;"SRID=4326;POINT(7.9939591196577 51.823095434189)";substation;"380000;110000";50;Station Enniger;Amprion;
473;7.834020743;51.75504035;"SRID=4326;POINT(7.83402074322725 51.7550403464858)";auxillary_T_node;380000;50;Gersteinwerk Ost;Amprion;
474;9.145176872;52.85324644;"SRID=4326;POINT(9.14517687189382 52.8532464360106)";substation;"220000;110000";50;Wechold;"TenneT TSO GmbH;Avacon AG";
475;9.137947926;52.84702699;"SRID=4326;POINT(9.13794792584036 52.8470269944345)";auxillary_T_node;220000;50;Leitung 2010/2023;TenneT;1
476;8.318889254;52.06603746;"SRID=4326;POINT(8.31888925383353 52.0660374597241)";substation;"220000;110000";50;Station Hesseln;RWE;
477;8.334667751;52.07052004;"SRID=4326;POINT(8.33466775124759 52.07052004268)";auxillary_T_node;220000;50;Halle West;Amprion;
478;7.981878319;51.67665157;"SRID=4326;POINT(7.9818783185962 51.6766515664854)";auxillary_T_node;380000;50;Geithe West;Amprion;
479;9.923829837;51.89756176;"SRID=4326;POINT(9.92382983732643 51.8975617615529)";substation;220000;50;Erzhausen;;
480;9.85241625;51.89876525;"SRID=4326;POINT(9.8524162497002 51.8987652474175)";auxillary_T_node;220000;50;Leitung 2030/2001;TenneT;2030/2001
481;9.413681221;52.02748289;"SRID=4326;POINT(9.4136812208929 52.0274828920508)";auxillary_T_node;380000;50;Leitung 3019/3026/3027;;"3019;3026;3027"
482;10.35521499;52.17581096;"SRID=4326;POINT(10.3552149923206 52.1758109606876)";auxillary_T_node;220000;50;Leitung 2019/2027/2029;TenneT;2
483;10.70273189;47.8264598;"SRID=4326;POINT(10.7027318899547 47.8264597977002)";substation;"380000;110000";50;Umspannwerk Bidingen Nr. 697 S;LEW;
484;10.70374228;47.82641598;"SRID=4326;POINT(10.7037422782749 47.826415980499)";auxillary_T_node;380000;;K12;;
485;10.19493344;47.97093688;"SRID=4326;POINT(10.1949334440241 47.9709368782958)";substation;"220000;110000";50;Umspannwerk Memmingen;LEW;
486;10.64128677;48.02745124;"SRID=4326;POINT(10.6412867739286 48.0274512409907)";substation;"220000;110000";50;Umspannstation Irsingen;;
487;10.64180254;48.02584927;"SRID=4326;POINT(10.6418025411196 48.0258492685192)";auxillary_T_node;220000;;;;O11
488;8.670099217;49.30920228;"SRID=4326;POINT(8.67009921732699 49.3092022842852)";auxillary_T_node;380000;;HD-Neurott - Hüffenhardt;;
489;9.228088745;51.81245337;"SRID=4326;POINT(9.22808874457675 51.8124533663924)";substation;"380000;110000";;Vörden;transpower;
490;9.231870023;51.81011909;"SRID=4326;POINT(9.23187002273009 51.810119094224)";auxillary_T_node;380000;;;TenneT;3012
491;10.23416297;48.52893204;"SRID=4326;POINT(10.2341629653667 48.5289320393823)";auxillary_T_node;380000;50;Delmensingen - Niederstotzingen - Rotensohl;;
492;8.735135734;50.15919154;"SRID=4326;POINT(8.73513573367143 50.1591915403542)";substation;"220000;110000";;Umspannwerk Frankfurt Nord;"TenneT;Mainova";
493;8.872259639;50.12972532;"SRID=4326;POINT(8.87225963914833 50.1297253197387)";substation;110000;50;Dörnigheim 110 kV;EON_Netz;DOEH
494;8.743260529;50.16233798;"SRID=4326;POINT(8.74326052934848 50.1623379810729)";auxillary_T_node;220000;;Staudinger - Dörnigheim - Frankfurt Nord;;
495;9.332230166;54.72102276;"SRID=4326;POINT(9.33223016559803 54.7210227584184)";auxillary_T_node;380000;50;Audorf - Jardelund;TenneT TSO GmbH;
